"COD_AMOSTRA","COD_ANALISE","TIPO_ANALISE","TIPO_CONTATO"
22,5,"GeoquÃ­mica","Contato intrusivo"
23,7,"GeoquÃ­mica","Contato intrusivo"
41,14,"GeoquÃ­mica","Contato intrusivo"
42,15,"GeoquÃ­mica","Contato intrusivo"
1517,983,"GeoquÃ­mica","Contato intrusivo"
1517,984,"GeocronolÃ³gica","Contato intrusivo"
4429,2566,"GeoquÃ­mica","Contato intrusivo"
4440,31720,"PetrogrÃ¡fica","Contato intrusivo"
5387,28617,"Espectroscopia Ã³ptica ","Contato tectÃ´nico"
5396,31775,"PetrogrÃ¡fica","Contato tectÃ´nico"
5401,32167,"PetrogrÃ¡fica","Contato tectÃ´nico"
5403,3190,"GeoquÃ­mica","Contato intrusivo"
5404,3191,"GeoquÃ­mica","Contato tectÃ´nico"
5477,3219,"GeoquÃ­mica","Contato tectÃ´nico"
5478,31850,"PetrogrÃ¡fica","Contato tectÃ´nico"
5486,32195,"PetrogrÃ¡fica","Contato tectÃ´nico"
5502,32229,"PetrogrÃ¡fica","Contato tectÃ´nico"
5546,3253,"GeoquÃ­mica","Contato tectÃ´nico"
5603,32129,"PetrogrÃ¡fica","Contato tectÃ´nico"
5861,3438,"GeoquÃ­mica","Contato intrusivo"
5863,3441,"GeoquÃ­mica","Contato intrusivo"
5871,3450,"GeoquÃ­mica","Contato intrusivo"
5872,3452,"GeoquÃ­mica","Contato intrusivo"
8975,5759,"GeoquÃ­mica","Contato intrusivo"
9724,6492,"PetrogrÃ¡fica","Contato tectÃ´nico"
9725,6493,"PetrogrÃ¡fica","Contato tectÃ´nico"
9729,6497,"PetrogrÃ¡fica","Contato intrusivo"
9730,6498,"PetrogrÃ¡fica","Contato intrusivo"
9768,6538,"PetrogrÃ¡fica","Contato intrusivo"
9790,6562,"GeoquÃ­mica","Contato tectÃ´nico"
9813,6585,"PetrogrÃ¡fica","Contato intrusivo"
9817,6589,"PetrogrÃ¡fica","Contato intrusivo"
9818,6590,"PetrogrÃ¡fica","Contato intrusivo"
9819,6591,"PetrogrÃ¡fica","Contato intrusivo"
9820,6592,"PetrogrÃ¡fica","Contato intrusivo"
9839,6611,"PetrogrÃ¡fica","Contato intrusivo"
9873,6646,"PetrogrÃ¡fica","Contato intrusivo"
9874,6647,"PetrogrÃ¡fica","Contato intrusivo"
10098,6863,"PetrogrÃ¡fica","Contato intrusivo"
10099,6864,"PetrogrÃ¡fica","Contato intrusivo"
10117,6882,"PetrogrÃ¡fica","Contato intrusivo"
11833,31858,"PetrogrÃ¡fica","Contato intrusivo"
11835,32071,"PetrogrÃ¡fica","Contato intrusivo"
11847,8205,"GeoquÃ­mica","Contato intrusivo"
11853,32024,"PetrogrÃ¡fica","Contato intrusivo"
11862,32025,"PetrogrÃ¡fica","Contato intrusivo"
11862,32025,"PetrogrÃ¡fica","Contato intrusivo"
11863,8215,"GeoquÃ­mica","Contato intrusivo"
11863,8215,"GeoquÃ­mica","Contato intrusivo"
11881,31724,"PetrogrÃ¡fica","Contato intrusivo"
11890,8219,"GeoquÃ­mica","Contato intrusivo"
11892,31973,"PetrogrÃ¡fica","Contato intrusivo"
11894,8222,"GeoquÃ­mica","Contato intrusivo"
11897,8224,"GeoquÃ­mica","Contato intrusivo"
11898,32065,"PetrogrÃ¡fica","Contato intrusivo"
11898,32065,"PetrogrÃ¡fica","Contato intrusivo"
11905,31906,"PetrogrÃ¡fica","Contato intrusivo"
11905,31906,"PetrogrÃ¡fica","Contato intrusivo"
11905,31906,"PetrogrÃ¡fica","Contato intrusivo"
11910,8231,"GeoquÃ­mica","Contato intrusivo"
11911,31977,"PetrogrÃ¡fica","Contato intrusivo"
11912,8233,"GeoquÃ­mica","Contato intrusivo"
11916,8237,"GeoquÃ­mica","Contato intrusivo"
11918,8239,"GeoquÃ­mica","Contato intrusivo"
11945,32205,"PetrogrÃ¡fica","Contato intrusivo"
11949,8244,"GeoquÃ­mica","Contato intrusivo"
11950,32171,"PetrogrÃ¡fica","Contato intrusivo"
11964,8251,"GeoquÃ­mica","Contato intrusivo"
11985,32186,"PetrogrÃ¡fica","Contato intrusivo"
11993,32118,"PetrogrÃ¡fica","Contato intrusivo"
11993,32118,"PetrogrÃ¡fica","Contato intrusivo"
12003,32237,"PetrogrÃ¡fica","Contato intrusivo"
12033,8295,"GeoquÃ­mica","Contato intrusivo"
12035,8297,"GeoquÃ­mica","Contato intrusivo"
12039,8299,"GeoquÃ­mica","Contato intrusivo"
12040,32125,"PetrogrÃ¡fica","Contato intrusivo"
12041,32256,"PetrogrÃ¡fica","Contato intrusivo"
12046,32107,"PetrogrÃ¡fica","Contato intrusivo"
12049,31876,"PetrogrÃ¡fica","Contato intrusivo"
12050,32160,"PetrogrÃ¡fica","Contato intrusivo"
12054,31678,"PetrogrÃ¡fica","Contato intrusivo"
12054,31678,"PetrogrÃ¡fica","Contato intrusivo"
12058,31669,"PetrogrÃ¡fica","Contato intrusivo"
12058,31669,"PetrogrÃ¡fica","Contato intrusivo"
12059,31784,"PetrogrÃ¡fica","Contato intrusivo"
12059,31784,"PetrogrÃ¡fica","Contato intrusivo"
12060,32242,"PetrogrÃ¡fica","Contato intrusivo"
12060,32242,"PetrogrÃ¡fica","Contato intrusivo"
12082,32076,"PetrogrÃ¡fica","Contato intrusivo"
12091,8342,"GeoquÃ­mica","Contato intrusivo"
12091,8342,"GeoquÃ­mica","Contato intrusivo"
12092,8343,"GeocronolÃ³gica","Contato intrusivo"
12092,8343,"GeocronolÃ³gica","Contato intrusivo"
12093,32215,"PetrogrÃ¡fica","Contato intrusivo"
12094,8345,"GeocronolÃ³gica","Contato intrusivo"
12103,32136,"PetrogrÃ¡fica","Contato intrusivo"
12103,32136,"PetrogrÃ¡fica","Contato intrusivo"
12103,32136,"PetrogrÃ¡fica","Contato intrusivo"
12122,31636,"PetrogrÃ¡fica","Contato intrusivo"
12124,32269,"PetrogrÃ¡fica","Contato intrusivo"
12125,31962,"PetrogrÃ¡fica","Contato intrusivo"
12130,32133,"PetrogrÃ¡fica","Contato intrusivo"
12130,32133,"PetrogrÃ¡fica","Contato intrusivo"
13966,9366,"PetrogrÃ¡fica","Contato intrusivo"
14092,9432,"GeoquÃ­mica","Contato intrusivo"
14092,31538,"PetrogrÃ¡fica","Contato intrusivo"
14093,9433,"PetrogrÃ¡fica","Contato intrusivo"
14094,9434,"PetrogrÃ¡fica","Contato intrusivo"
14113,9446,"PetrogrÃ¡fica","Contato intrusivo"
14210,9508,"PetrogrÃ¡fica","Contato intrusivo"
14243,9531,"PetrogrÃ¡fica","Contato intrusivo"
14415,9639,"PetrogrÃ¡fica","Contato intrusivo"
14415,9639,"PetrogrÃ¡fica","Contato intrusivo"
14416,9640,"PetrogrÃ¡fica","Contato intrusivo"
14416,9640,"PetrogrÃ¡fica","Contato intrusivo"
14417,9641,"PetrogrÃ¡fica","Contato intrusivo"
14417,9641,"PetrogrÃ¡fica","Contato intrusivo"
14426,9650,"PetrogrÃ¡fica","Contato intrusivo"
14427,9651,"PetrogrÃ¡fica","Contato intrusivo"
14438,9662,"PetrogrÃ¡fica","Contato intrusivo"
14441,9665,"PetrogrÃ¡fica","Contato tectÃ´nico"
14862,10100,"PetrogrÃ¡fica","Contato intrusivo"
14863,10101,"PetrogrÃ¡fica","Contato intrusivo"
14863,10102,"GeoquÃ­mica","Contato intrusivo"
14873,10116,"PetrogrÃ¡fica","Contato intrusivo"
14924,10189,"PetrogrÃ¡fica","Contato intrusivo"
14925,10190,"PetrogrÃ¡fica","Contato intrusivo"
15149,10352,"PetrogrÃ¡fica","Contato intrusivo"
15758,10818,"PetrogrÃ¡fica","Contato gradacional"
15793,10852,"PetrogrÃ¡fica","Contato abrupto"
15794,10853,"PetrogrÃ¡fica","Contato abrupto"
15821,10887,"PetrogrÃ¡fica","Contato gradacional"
15822,10888,"PetrogrÃ¡fica","Contato gradacional"
15846,10900,"PetrogrÃ¡fica","Contato gradacional"
15956,10994,"PetrogrÃ¡fica","Contato intrusivo"
15957,10995,"PetrogrÃ¡fica","Contato intrusivo"
15961,10999,"PetrogrÃ¡fica","Contato gradacional"
15961,11000,"GeoquÃ­mica","Contato gradacional"
17857,13283,"PetrogrÃ¡fica","Contato tectÃ´nico"
17857,13284,"GeoquÃ­mica","Contato tectÃ´nico"
17858,13285,"PetrogrÃ¡fica","Contato tectÃ´nico"
17858,13286,"GeoquÃ­mica","Contato tectÃ´nico"
17860,13289,"PetrogrÃ¡fica","Contato tectÃ´nico"
17860,13290,"GeoquÃ­mica","Contato tectÃ´nico"
17864,13298,"GeoquÃ­mica","Contato tectÃ´nico"
17871,13310,"GeoquÃ­mica","Contato tectÃ´nico"
17891,13335,"GeoquÃ­mica","Contato tectÃ´nico"
17903,13347,"PetrogrÃ¡fica","Contato tectÃ´nico"
17904,13348,"PetrogrÃ¡fica","Contato tectÃ´nico"
17905,13349,"PetrogrÃ¡fica","Contato tectÃ´nico"
17906,13350,"PetrogrÃ¡fica","Contato tectÃ´nico"
17907,13351,"PetrogrÃ¡fica","Contato tectÃ´nico"
17921,13367,"PetrogrÃ¡fica","Contato tectÃ´nico"
17921,13368,"GeoquÃ­mica","Contato tectÃ´nico"
17922,13369,"PetrogrÃ¡fica","Contato tectÃ´nico"
17922,13370,"GeoquÃ­mica","Contato tectÃ´nico"
17950,13400,"PetrogrÃ¡fica","Contato tectÃ´nico"
17951,13401,"PetrogrÃ¡fica","Contato tectÃ´nico"
17952,13402,"PetrogrÃ¡fica","Contato tectÃ´nico"
17952,13403,"GeoquÃ­mica","Contato tectÃ´nico"
17953,13404,"PetrogrÃ¡fica","Contato tectÃ´nico"
17954,13405,"PetrogrÃ¡fica","Contato tectÃ´nico"
17954,13406,"GeoquÃ­mica","Contato tectÃ´nico"
17961,13417,"PetrogrÃ¡fica","Contato tectÃ´nico"
17961,13418,"GeocronolÃ³gica","Contato tectÃ´nico"
17961,13419,"GeoquÃ­mica","Contato tectÃ´nico"
17962,13420,"PetrogrÃ¡fica","Contato tectÃ´nico"
17964,13423,"GeoquÃ­mica","Contato irregular"
17964,13422,"PetrogrÃ¡fica","Contato irregular"
17965,13424,"PetrogrÃ¡fica","Contato irregular"
17965,13425,"GeoquÃ­mica","Contato irregular"
17991,13443,"GeoquÃ­mica","Contato tectÃ´nico"
17993,13446,"GeoquÃ­mica","Contato tectÃ´nico"
17996,13450,"GeoquÃ­mica","Contato tectÃ´nico"
18003,13457,"PetrogrÃ¡fica","Contato tectÃ´nico"
18004,13458,"PetrogrÃ¡fica","Contato tectÃ´nico"
18004,13459,"GeoquÃ­mica","Contato tectÃ´nico"
18007,13460,"PetrogrÃ¡fica","Contato tectÃ´nico"
18007,13460,"PetrogrÃ¡fica","Contato tectÃ´nico"
18008,13461,"PetrogrÃ¡fica","Contato tectÃ´nico"
18008,13461,"PetrogrÃ¡fica","Contato tectÃ´nico"
18029,13483,"GeoquÃ­mica","Contato abrupto"
18030,13485,"GeoquÃ­mica","Contato abrupto"
18032,13489,"GeoquÃ­mica","Contato tectÃ´nico"
18033,13491,"GeoquÃ­mica","Contato tectÃ´nico"
18035,13494,"PetrogrÃ¡fica","Contato tectÃ´nico"
18035,13495,"GeoquÃ­mica","Contato tectÃ´nico"
18037,13497,"PetrogrÃ¡fica","Contato tectÃ´nico"
18037,13498,"GeoquÃ­mica","Contato tectÃ´nico"
18038,13499,"PetrogrÃ¡fica","Contato tectÃ´nico"
18039,13500,"PetrogrÃ¡fica","Contato tectÃ´nico"
18040,13501,"PetrogrÃ¡fica","Contato tectÃ´nico"
18040,13502,"GeoquÃ­mica","Contato tectÃ´nico"
18041,13504,"GeoquÃ­mica","Contato tectÃ´nico"
18042,13505,"PetrogrÃ¡fica","Contato tectÃ´nico"
18042,13506,"GeoquÃ­mica","Contato tectÃ´nico"
18043,13507,"PetrogrÃ¡fica","Contato tectÃ´nico"
18044,13508,"PetrogrÃ¡fica","Contato tectÃ´nico"
18045,13509,"PetrogrÃ¡fica","Contato tectÃ´nico"
18077,13550,"PetrogrÃ¡fica","Contato tectÃ´nico"
18077,13551,"GeoquÃ­mica","Contato tectÃ´nico"
18079,13552,"PetrogrÃ¡fica","Contato tectÃ´nico"
18079,13553,"GeoquÃ­mica","Contato tectÃ´nico"
18081,13557,"GeoquÃ­mica","Contato tectÃ´nico"
18082,13559,"GeoquÃ­mica","Contato tectÃ´nico"
18095,13574,"PetrogrÃ¡fica","Contato irregular"
18095,13575,"GeoquÃ­mica","Contato irregular"
18096,13576,"PetrogrÃ¡fica","Contato irregular"
18097,13577,"PetrogrÃ¡fica","Contato irregular"
18117,13600,"PetrogrÃ¡fica","Contato tectÃ´nico"
18118,13601,"PetrogrÃ¡fica","Contato tectÃ´nico"
18124,13607,"PetrogrÃ¡fica","Contato tectÃ´nico"
18124,13608,"GeoquÃ­mica","Contato tectÃ´nico"
18125,13609,"PetrogrÃ¡fica","Contato tectÃ´nico"
18129,13613,"PetrogrÃ¡fica","Contato tectÃ´nico"
18130,13614,"PetrogrÃ¡fica","Contato tectÃ´nico"
18167,13662,"PetrogrÃ¡fica","Contato tectÃ´nico"
18169,13665,"PetrogrÃ¡fica","Contato tectÃ´nico"
18177,13676,"PetrogrÃ¡fica","Contato tectÃ´nico"
18178,13677,"PetrogrÃ¡fica","Contato tectÃ´nico"
18192,13691,"GeoquÃ­mica","Contato tectÃ´nico"
18472,14007,"PetrogrÃ¡fica","Contato intrusivo"
18472,14008,"GeoquÃ­mica","Contato intrusivo"
18473,14009,"PetrogrÃ¡fica","Contato intrusivo"
18648,14194,"GeoquÃ­mica","Contato abrupto"
18649,14197,"GeoquÃ­mica","Contato abrupto"
18649,14196,"GeoquÃ­mica","Contato abrupto"
18709,14273,"GeoquÃ­mica","Contato abrupto"
18710,14275,"GeoquÃ­mica","Contato abrupto"
18711,14277,"GeoquÃ­mica","Contato abrupto"
18712,14279,"GeoquÃ­mica","Contato abrupto"
18713,14281,"GeoquÃ­mica","Contato abrupto"
18714,14283,"GeoquÃ­mica","Contato abrupto"
18715,14285,"GeoquÃ­mica","Contato abrupto"
18716,14287,"GeoquÃ­mica","Contato abrupto"
18717,14289,"GeoquÃ­mica","Contato abrupto"
18722,14291,"GeoquÃ­mica","Contato abrupto"
18722,14292,"PetrogrÃ¡fica","Contato abrupto"
18723,14293,"GeoquÃ­mica","Contato abrupto"
18723,14294,"PetrogrÃ¡fica","Contato abrupto"
18729,14304,"GeoquÃ­mica","Contato abrupto"
18730,14306,"GeoquÃ­mica","Contato abrupto"
18731,14308,"GeoquÃ­mica","Contato abrupto"
18732,14310,"GeoquÃ­mica","Contato abrupto"
18733,14312,"GeoquÃ­mica","Contato abrupto"
18749,14337,"GeoquÃ­mica","Contato irregular"
18750,14339,"GeoquÃ­mica","Contato irregular"
18751,14341,"GeoquÃ­mica","Contato irregular"
18752,14343,"GeoquÃ­mica","Contato irregular"
18753,14345,"GeoquÃ­mica","Contato irregular"
18754,14347,"GeoquÃ­mica","Contato irregular"
18755,14349,"GeoquÃ­mica","Contato irregular"
18761,14361,"GeoquÃ­mica","Contato transicional"
18762,14363,"GeoquÃ­mica","Contato transicional"
18763,14365,"GeoquÃ­mica","Contato transicional"
18764,14367,"GeoquÃ­mica","Contato transicional"
18802,14437,"GeoquÃ­mica","Contato transicional"
18803,14439,"GeoquÃ­mica","Contato transicional"
18806,14444,"GeoquÃ­mica","Contato abrupto"
18806,14444,"GeoquÃ­mica","Contato abrupto"
18807,14446,"GeoquÃ­mica","Contato abrupto"
18807,14446,"GeoquÃ­mica","Contato abrupto"
18808,14448,"GeoquÃ­mica","Contato abrupto"
18808,14448,"GeoquÃ­mica","Contato abrupto"
18809,14450,"GeoquÃ­mica","Contato abrupto"
18809,14450,"GeoquÃ­mica","Contato abrupto"
18810,14452,"GeoquÃ­mica","Contato abrupto"
18810,14452,"GeoquÃ­mica","Contato abrupto"
18824,14480,"GeoquÃ­mica","Contato abrupto"
18824,14480,"GeoquÃ­mica","Contato gradacional"
18825,14482,"GeoquÃ­mica","Contato gradacional"
18825,14482,"GeoquÃ­mica","Contato abrupto"
18826,14484,"GeoquÃ­mica","Contato gradacional"
18826,14484,"GeoquÃ­mica","Contato abrupto"
18827,14486,"GeoquÃ­mica","Contato gradacional"
18827,14486,"GeoquÃ­mica","Contato abrupto"
18828,14488,"GeoquÃ­mica","Contato abrupto"
18828,14488,"GeoquÃ­mica","Contato gradacional"
18829,14490,"GeoquÃ­mica","Contato gradacional"
18829,14490,"GeoquÃ­mica","Contato abrupto"
18830,14492,"GeoquÃ­mica","Contato abrupto"
18830,14492,"GeoquÃ­mica","Contato gradacional"
18831,14494,"GeoquÃ­mica","Contato gradacional"
18831,14495,"GeoquÃ­mica","Contato gradacional"
18831,14494,"GeoquÃ­mica","Contato abrupto"
18831,14495,"GeoquÃ­mica","Contato abrupto"
18832,14496,"GeoquÃ­mica","Contato abrupto"
18833,14498,"GeoquÃ­mica","Contato abrupto"
18834,14500,"GeoquÃ­mica","Contato abrupto"
18835,14502,"GeoquÃ­mica","Contato abrupto"
18836,14504,"GeoquÃ­mica","Contato abrupto"
18837,14506,"GeoquÃ­mica","Contato abrupto"
18838,14508,"GeoquÃ­mica","Contato abrupto"
18839,14510,"GeoquÃ­mica","Contato abrupto"
18840,14512,"GeoquÃ­mica","Contato abrupto"
18841,14514,"GeoquÃ­mica","Contato abrupto"
18842,14516,"GeoquÃ­mica","Contato abrupto"
18843,14518,"GeoquÃ­mica","Contato abrupto"
18844,14520,"GeoquÃ­mica","Contato abrupto"
18845,14522,"GeoquÃ­mica","Contato abrupto"
18846,14524,"GeoquÃ­mica","Contato abrupto"
19270,14833,"PetrogrÃ¡fica","Contato intrusivo"
19271,14834,"PetrogrÃ¡fica","Contato intrusivo"
20234,15483,"PetrogrÃ¡fica","Contato intrusivo"
20473,15572,"PetrogrÃ¡fica","Contato intrusivo"
20474,15573,"PetrogrÃ¡fica","Contato intrusivo"
20529,15581,"PetrogrÃ¡fica","NÃ£o conformidade"
20530,15582,"PetrogrÃ¡fica","NÃ£o conformidade"
20590,15608,"PetrogrÃ¡fica","Contato intrusivo"
20611,15609,"PetrogrÃ¡fica","Contato intrusivo"
20616,15610,"PetrogrÃ¡fica","Contato intrusivo"
20617,15611,"PetrogrÃ¡fica","Contato intrusivo"
20620,15614,"PetrogrÃ¡fica","Contato intrusivo"
20620,15614,"PetrogrÃ¡fica","Contato intrusivo"
20681,15677,"GeocronolÃ³gica","Contato intrusivo"
20730,15696,"PetrogrÃ¡fica","Contato intrusivo"
20731,15697,"PetrogrÃ¡fica","Contato intrusivo"
20732,15698,"PetrogrÃ¡fica","Contato intrusivo"
20746,15712,"PetrogrÃ¡fica","Contato intrusivo"
20747,15713,"PetrogrÃ¡fica","Contato intrusivo"
20748,15714,"PetrogrÃ¡fica","Contato intrusivo"
20784,15750,"GeoquÃ­mica","Contato intrusivo"
20821,15786,"PetrogrÃ¡fica","Contato intrusivo"
20822,15787,"PetrogrÃ¡fica","Contato intrusivo"
20920,15888,"PetrogrÃ¡fica","Contato tectÃ´nico"
20965,15933,"PetrogrÃ¡fica","Contato intrusivo"
20981,15950,"PetrogrÃ¡fica","Contato intrusivo"
21781,16402,"PetrogrÃ¡fica","Contato intrusivo"
21783,16404,"PetrogrÃ¡fica","Contato intrusivo"
21825,16448,"PetrogrÃ¡fica","Contato tectÃ´nico"
21979,16585,"GeoquÃ­mica","Disconformidade"
21980,16586,"GeoquÃ­mica","Disconformidade"
21981,16588,"GeoquÃ­mica","Disconformidade"
21982,16589,"Ensaios fÃ­sicos","Contato abrupto"
22008,16613,"GeoquÃ­mica","Disconformidade"
22037,16629,"Ensaios fÃ­sicos","Contato abrupto"
22037,16630,"GeoquÃ­mica","Contato abrupto"
22038,16631,"GeoquÃ­mica","Disconformidade"
22038,16631,"GeoquÃ­mica","Contato abrupto"
22047,16637,"GeoquÃ­mica","Contato abrupto"
22047,16637,"GeoquÃ­mica","Contato abrupto"
22049,16638,"GeoquÃ­mica","Disconformidade"
22049,16639,"Ensaios fÃ­sicos","Disconformidade"
22064,16650,"Ensaios fÃ­sicos","Contato gradacional"
22064,16651,"GeoquÃ­mica","Contato gradacional"
22070,16652,"Ensaios fÃ­sicos","Contato gradacional"
22070,16653,"GeoquÃ­mica","Contato gradacional"
22071,16654,"Ensaios fÃ­sicos","Contato gradacional"
22071,16655,"GeoquÃ­mica","Contato gradacional"
22094,16658,"GeoquÃ­mica","Contato abrupto"
22094,16658,"GeoquÃ­mica","Contato abrupto"
22137,16673,"Ensaios fÃ­sicos","Contato gradacional"
22137,16674,"GeoquÃ­mica","Contato abrupto"
22137,16674,"GeoquÃ­mica","Contato gradacional"
22137,16673,"Ensaios fÃ­sicos","Contato abrupto"
22145,16680,"GeoquÃ­mica","Contato abrupto"
22145,16680,"GeoquÃ­mica","Disconformidade"
22147,16681,"GeoquÃ­mica","Contato abrupto"
22147,16681,"GeoquÃ­mica","Disconformidade"
22149,16682,"GeoquÃ­mica","Disconformidade"
22149,16682,"GeoquÃ­mica","Contato abrupto"
22157,16687,"GeoquÃ­mica","Contato abrupto"
22162,16691,"GeoquÃ­mica","Disconformidade"
22164,16695,"GeoquÃ­mica","Disconformidade"
22165,16696,"GeoquÃ­mica","Disconformidade"
22166,16697,"GeoquÃ­mica","Disconformidade"
22167,16698,"GeoquÃ­mica","Disconformidade"
22171,16699,"GeoquÃ­mica","Disconformidade"
22185,16702,"GeoquÃ­mica","Disconformidade"
22186,16703,"GeoquÃ­mica","Disconformidade"
22187,16704,"GeoquÃ­mica","Disconformidade"
22188,16705,"GeoquÃ­mica","Disconformidade"
22218,16719,"GeoquÃ­mica","Disconformidade"
22219,16720,"GeoquÃ­mica","Disconformidade"
22220,16721,"GeoquÃ­mica","Disconformidade"
22235,16722,"GeoquÃ­mica","Disconformidade"
22236,16723,"GeoquÃ­mica","Disconformidade"
22242,16726,"Ensaios fÃ­sicos","Disconformidade"
22242,16727,"GeoquÃ­mica","Disconformidade"
22251,16730,"GeocronolÃ³gica","Disconformidade"
22257,16731,"GeoquÃ­mica","Disconformidade"
22259,16732,"GeoquÃ­mica","Disconformidade"
22260,16733,"GeoquÃ­mica","Disconformidade"
22261,16734,"GeoquÃ­mica","Disconformidade"
22300,16759,"GeoquÃ­mica","Disconformidade"
22301,16760,"GeoquÃ­mica","Disconformidade"
22302,16761,"GeoquÃ­mica","Disconformidade"
22320,16774,"Ensaios fÃ­sicos","Disconformidade"
22320,16775,"GeoquÃ­mica","Disconformidade"
22348,16792,"GeoquÃ­mica","Disconformidade"
22349,16793,"GeoquÃ­mica","Disconformidade"
23142,17406,"PetrogrÃ¡fica","Contato tectÃ´nico"
23861,17893,"PetrogrÃ¡fica","Contato gradacional"
23885,17917,"PetrogrÃ¡fica","NÃ£o conformidade"
23927,17959,"PetrogrÃ¡fica","Contato intrusivo"
23928,17960,"PetrogrÃ¡fica","Contato intrusivo"
23929,17961,"PetrogrÃ¡fica","Contato intrusivo"
23932,17964,"PetrogrÃ¡fica","Contato intrusivo"
23933,17965,"PetrogrÃ¡fica","Contato intrusivo"
23934,17966,"PetrogrÃ¡fica","Contato intrusivo"
23935,17967,"PetrogrÃ¡fica","Contato intrusivo"
23936,17968,"PetrogrÃ¡fica","Contato intrusivo"
24141,18086,"PetrogrÃ¡fica","Contato intrusivo"
24142,18087,"PetrogrÃ¡fica","Contato intrusivo"
24150,18094,"PetrogrÃ¡fica","Contato intrusivo"
24154,18097,"PetrogrÃ¡fica","Contato intrusivo"
24156,18098,"PetrogrÃ¡fica","Contato intrusivo"
24179,18115,"PetrogrÃ¡fica","Contato tectÃ´nico"
24180,18116,"PetrogrÃ¡fica","Contato tectÃ´nico"
24192,18128,"PetrogrÃ¡fica","Contato intrusivo"
24193,18129,"PetrogrÃ¡fica","Contato intrusivo"
24195,18131,"PetrogrÃ¡fica","Contato intrusivo"
24215,18151,"PetrogrÃ¡fica","Contato tectÃ´nico"
24216,18152,"PetrogrÃ¡fica","Contato tectÃ´nico"
24288,18224,"PetrogrÃ¡fica","Contato intrusivo"
24291,18225,"PetrogrÃ¡fica","Disconformidade"
24311,18241,"PetrogrÃ¡fica","Contato intrusivo"
24311,18242,"GeoquÃ­mica","Contato intrusivo"
24312,18243,"PetrogrÃ¡fica","Contato intrusivo"
24312,18244,"GeoquÃ­mica","Contato intrusivo"
24313,18245,"PetrogrÃ¡fica","Contato intrusivo"
24313,18246,"GeoquÃ­mica","Contato intrusivo"
24314,18247,"PetrogrÃ¡fica","Contato intrusivo"
24314,18248,"GeoquÃ­mica","Contato intrusivo"
24319,18256,"PetrogrÃ¡fica","Contato intrusivo"
24320,18257,"PetrogrÃ¡fica","Contato tectÃ´nico"
24321,18258,"PetrogrÃ¡fica","Contato tectÃ´nico"
24321,18259,"GeoquÃ­mica","Contato tectÃ´nico"
24322,18260,"PetrogrÃ¡fica","Contato tectÃ´nico"
24322,18261,"GeoquÃ­mica","Contato tectÃ´nico"
24323,18262,"PetrogrÃ¡fica","Contato tectÃ´nico"
24333,18281,"PetrogrÃ¡fica","Contato intrusivo"
24334,18282,"PetrogrÃ¡fica","Contato intrusivo"
24336,18285,"PetrogrÃ¡fica","Contato intrusivo"
24337,18286,"PetrogrÃ¡fica","Contato intrusivo"
24337,18287,"GeoquÃ­mica","Contato intrusivo"
24340,18289,"PetrogrÃ¡fica","Contato intrusivo"
24341,18290,"GeoquÃ­mica","Contato intrusivo"
24343,18292,"PetrogrÃ¡fica","Contato tectÃ´nico"
24344,18293,"PetrogrÃ¡fica","Contato tectÃ´nico"
24345,18294,"PetrogrÃ¡fica","Contato tectÃ´nico"
24353,18300,"PetrogrÃ¡fica","Contato intrusivo"
24354,18301,"PetrogrÃ¡fica","Contato intrusivo"
24354,18302,"GeoquÃ­mica","Contato intrusivo"
24355,18303,"PetrogrÃ¡fica","Contato intrusivo"
24355,18304,"GeoquÃ­mica","Contato intrusivo"
24356,18305,"PetrogrÃ¡fica","Contato intrusivo"
24358,18307,"PetrogrÃ¡fica","Contato tectÃ´nico"
24358,18308,"GeoquÃ­mica","Contato tectÃ´nico"
24359,18309,"PetrogrÃ¡fica","Contato tectÃ´nico"
24359,18310,"GeoquÃ­mica","Contato tectÃ´nico"
24361,18314,"PetrogrÃ¡fica","Contato intrusivo"
24362,18315,"PetrogrÃ¡fica","Contato intrusivo"
24366,18321,"PetrogrÃ¡fica","Contato intrusivo"
24367,18322,"PetrogrÃ¡fica","Contato intrusivo"
24370,32179,"PetrogrÃ¡fica","NÃ£o conformidade"
24371,18324,"PetrogrÃ¡fica","NÃ£o conformidade"
24372,18325,"PetrogrÃ¡fica","NÃ£o conformidade"
24373,18326,"PetrogrÃ¡fica","NÃ£o conformidade"
24421,18374,"PetrogrÃ¡fica","Contato tectÃ´nico"
24421,18374,"PetrogrÃ¡fica","Contato tectÃ´nico"
24422,18375,"PetrogrÃ¡fica","Contato tectÃ´nico"
24422,18375,"PetrogrÃ¡fica","Contato tectÃ´nico"
24423,18376,"PetrogrÃ¡fica","Contato tectÃ´nico"
24423,18376,"PetrogrÃ¡fica","Contato tectÃ´nico"
24435,18387,"PetrogrÃ¡fica","Contato intrusivo"
24439,18389,"PetrogrÃ¡fica","Contato intrusivo"
24442,18391,"PetrogrÃ¡fica","Contato intrusivo"
24444,18392,"PetrogrÃ¡fica","Contato tectÃ´nico"
24445,18393,"PetrogrÃ¡fica","Contato tectÃ´nico"
24448,18395,"PetrogrÃ¡fica","Contato intrusivo"
24449,18396,"PetrogrÃ¡fica","Contato intrusivo"
24452,18398,"PetrogrÃ¡fica","Contato intrusivo"
24454,18400,"PetrogrÃ¡fica","NÃ£o conformidade"
24466,18408,"PetrogrÃ¡fica","Contato intrusivo"
24483,18420,"PetrogrÃ¡fica","Contato intrusivo"
24484,18421,"PetrogrÃ¡fica","Contato intrusivo"
24485,18422,"PetrogrÃ¡fica","Contato tectÃ´nico"
24485,18422,"PetrogrÃ¡fica","Contato tectÃ´nico"
24485,18423,"GeoquÃ­mica","Contato tectÃ´nico"
24485,18423,"GeoquÃ­mica","Contato tectÃ´nico"
24487,18425,"GeoquÃ­mica","Contato tectÃ´nico"
24487,18424,"PetrogrÃ¡fica","Contato tectÃ´nico"
24487,18424,"PetrogrÃ¡fica","Contato tectÃ´nico"
24487,18425,"GeoquÃ­mica","Contato tectÃ´nico"
24488,18427,"GeoquÃ­mica","Contato tectÃ´nico"
24488,18426,"PetrogrÃ¡fica","Contato tectÃ´nico"
24488,18426,"PetrogrÃ¡fica","Contato tectÃ´nico"
24488,18427,"GeoquÃ­mica","Contato tectÃ´nico"
24509,18446,"PetrogrÃ¡fica","Contato intrusivo"
24509,18447,"GeoquÃ­mica","Contato intrusivo"
24509,18448,"GeocronolÃ³gica","Contato intrusivo"
24510,18449,"PetrogrÃ¡fica","Contato intrusivo"
24512,18450,"PetrogrÃ¡fica","Contato tectÃ´nico"
24512,18451,"GeoquÃ­mica","Contato tectÃ´nico"
24513,18452,"PetrogrÃ¡fica","Contato tectÃ´nico"
24513,18453,"GeoquÃ­mica","Contato tectÃ´nico"
24515,18456,"PetrogrÃ¡fica","Contato intrusivo"
24515,18457,"GeoquÃ­mica","Contato intrusivo"
24515,18458,"GeocronolÃ³gica","Contato intrusivo"
24517,18459,"PetrogrÃ¡fica","Contato intrusivo"
24517,18460,"GeoquÃ­mica","Contato intrusivo"
24518,18461,"PetrogrÃ¡fica","Contato intrusivo"
24518,18462,"GeoquÃ­mica","Contato intrusivo"
24520,18465,"PetrogrÃ¡fica","Contato intrusivo"
24527,18469,"PetrogrÃ¡fica","Contato tectÃ´nico"
24527,18470,"GeoquÃ­mica","Contato tectÃ´nico"
24528,18471,"PetrogrÃ¡fica","Contato tectÃ´nico"
24528,18472,"GeoquÃ­mica","Contato tectÃ´nico"
24529,18473,"PetrogrÃ¡fica","Contato tectÃ´nico"
24529,18474,"GeoquÃ­mica","Contato tectÃ´nico"
24537,18480,"PetrogrÃ¡fica","Contato intrusivo"
24537,18480,"PetrogrÃ¡fica","Contato intrusivo"
24537,18480,"PetrogrÃ¡fica","NÃ£o conformidade"
24538,18481,"PetrogrÃ¡fica","Contato intrusivo"
24538,18481,"PetrogrÃ¡fica","Contato intrusivo"
24538,18481,"PetrogrÃ¡fica","NÃ£o conformidade"
24539,18482,"PetrogrÃ¡fica","Contato intrusivo"
24539,18482,"PetrogrÃ¡fica","Contato intrusivo"
24539,18482,"PetrogrÃ¡fica","NÃ£o conformidade"
24541,18486,"PetrogrÃ¡fica","Contato intrusivo"
24541,18486,"PetrogrÃ¡fica","Contato intrusivo"
24541,18486,"PetrogrÃ¡fica","Contato tectÃ´nico"
24541,18487,"GeoquÃ­mica","Contato intrusivo"
24541,18487,"GeoquÃ­mica","Contato intrusivo"
24541,18487,"GeoquÃ­mica","Contato tectÃ´nico"
24544,18489,"PetrogrÃ¡fica","Contato intrusivo"
24545,18490,"PetrogrÃ¡fica","Contato intrusivo"
24547,18492,"PetrogrÃ¡fica","Contato intrusivo"
24547,18493,"GeoquÃ­mica","Contato intrusivo"
24570,18511,"PetrogrÃ¡fica","Contato intrusivo"
24570,18512,"PetrogrÃ¡fica","Contato intrusivo"
24571,18513,"PetrogrÃ¡fica","Contato intrusivo"
24704,18585,"PetrogrÃ¡fica","Contato transicional"
24704,18587,"GeocronolÃ³gica","Contato transicional"
24704,18586,"GeoquÃ­mica","Contato transicional"
24806,18666,"PetrogrÃ¡fica","Contato gradacional"
24807,18667,"PetrogrÃ¡fica","Contato gradacional"
24835,18680,"PetrogrÃ¡fica","Contato irregular"
24835,18681,"GeoquÃ­mica","Contato irregular"
24853,18690,"GeoquÃ­mica","Contato intrusivo"
24853,18689,"PetrogrÃ¡fica","Contato intrusivo"
24863,18695,"PetrogrÃ¡fica","Contato intrusivo"
24864,18697,"GeoquÃ­mica","Contato intrusivo"
24864,18696,"PetrogrÃ¡fica","Contato intrusivo"
24882,18709,"PetrogrÃ¡fica","Contato transicional"
24882,18708,"GeoquÃ­mica","Contato transicional"
24884,18711,"PetrogrÃ¡fica","Contato tectÃ´nico"
24885,31759,"PetrogrÃ¡fica","Contato tectÃ´nico"
24890,18715,"PetrogrÃ¡fica","Contato tectÃ´nico"
24895,18717,"PetrogrÃ¡fica","Contato intrusivo"
24895,18718,"GeoquÃ­mica","Contato intrusivo"
24911,18730,"PetrogrÃ¡fica","Contato irregular"
24912,18731,"PetrogrÃ¡fica","Contato irregular"
24912,18732,"GeoquÃ­mica","Contato irregular"
24987,18790,"PetrogrÃ¡fica","Contato intrusivo"
24987,18791,"GeoquÃ­mica","Contato intrusivo"
25561,19364,"PetrogrÃ¡fica","Contato gradacional"
25758,19437,"PetrogrÃ¡fica","Contato transicional"
25810,19440,"PetrogrÃ¡fica","Contato abrupto"
25812,19441,"PetrogrÃ¡fica","Contato gradacional"
25940,19513,"PetrogrÃ¡fica","Contato gradacional"
25940,19514,"GeoquÃ­mica","Contato gradacional"
25941,19515,"PetrogrÃ¡fica","Contato gradacional"
26646,20040,"PetrogrÃ¡fica","Contato intrusivo"
26647,20041,"PetrogrÃ¡fica","Contato intrusivo"
26848,20241,"PetrogrÃ¡fica","Contato intrusivo"
26862,20255,"PetrogrÃ¡fica","Contato intrusivo"
26933,20287,"PetrogrÃ¡fica","Contato abrupto"
26934,20288,"PetrogrÃ¡fica","Contato abrupto"
27008,20335,"PetrogrÃ¡fica","Contato abrupto"
27009,20336,"PetrogrÃ¡fica","Contato abrupto"
27030,20346,"PetrogrÃ¡fica","Contato abrupto"
27030,20346,"PetrogrÃ¡fica","Contato transicional"
27045,20348,"PetrogrÃ¡fica","Contato intrusivo"
27045,20348,"PetrogrÃ¡fica","Contato intrusivo"
27046,20349,"PetrogrÃ¡fica","Contato intrusivo"
27046,20349,"PetrogrÃ¡fica","Contato intrusivo"
27047,20350,"PetrogrÃ¡fica","Contato intrusivo"
27047,20350,"PetrogrÃ¡fica","Contato intrusivo"
27060,20354,"PetrogrÃ¡fica","Contato abrupto"
27060,20354,"PetrogrÃ¡fica","Contato tectÃ´nico"
27060,20354,"PetrogrÃ¡fica","Contato tectÃ´nico"
27064,20355,"PetrogrÃ¡fica","Contato tectÃ´nico"
27065,20356,"PetrogrÃ¡fica","Contato tectÃ´nico"
27077,20362,"PetrogrÃ¡fica","Contato abrupto"
27083,20365,"PetrogrÃ¡fica","Contato abrupto"
27083,20365,"PetrogrÃ¡fica","Contato abrupto"
27084,20366,"PetrogrÃ¡fica","Contato abrupto"
27084,20366,"PetrogrÃ¡fica","Contato abrupto"
27085,20367,"PetrogrÃ¡fica","Contato abrupto"
27085,20367,"PetrogrÃ¡fica","Contato abrupto"
27093,20371,"PetrogrÃ¡fica","Contato abrupto"
27093,20371,"PetrogrÃ¡fica","Contato abrupto"
27093,20371,"PetrogrÃ¡fica","Contato abrupto"
27094,20372,"PetrogrÃ¡fica","Contato abrupto"
27094,20372,"PetrogrÃ¡fica","Contato abrupto"
27094,20372,"PetrogrÃ¡fica","Contato abrupto"
27097,20374,"PetrogrÃ¡fica","Contato abrupto"
27097,20374,"PetrogrÃ¡fica","Contato abrupto"
27098,20375,"PetrogrÃ¡fica","Contato abrupto"
27098,20375,"PetrogrÃ¡fica","Contato abrupto"
27476,20633,"PetrogrÃ¡fica","Contato intrusivo"
27477,20634,"PetrogrÃ¡fica","Contato intrusivo"
27491,20642,"PetrogrÃ¡fica","Contato intrusivo"
27509,20652,"PetrogrÃ¡fica","Contato tectÃ´nico"
27510,20653,"PetrogrÃ¡fica","Contato tectÃ´nico"
27511,20654,"PetrogrÃ¡fica","Contato tectÃ´nico"
27517,20657,"PetrogrÃ¡fica","Contato intrusivo"
28339,32013,"PetrogrÃ¡fica","Disconformidade"
28354,31615,"PetrogrÃ¡fica","Disconformidade"
28791,21606,"PetrogrÃ¡fica","Discordancia angular"
28894,21627,"PetrogrÃ¡fica","Contato abrupto"
28894,21627,"PetrogrÃ¡fica","Contato tectÃ´nico"
28895,21628,"PetrogrÃ¡fica","Contato abrupto"
28895,21628,"PetrogrÃ¡fica","Contato tectÃ´nico"
28923,21639,"PetrogrÃ¡fica","Contato intrusivo"
28973,21662,"PetrogrÃ¡fica","Contato irregular"
28997,21676,"PetrogrÃ¡fica","Contato tectÃ´nico"
29000,21679,"PetrogrÃ¡fica","Discordancia angular"
29062,31666,"PetrogrÃ¡fica","Contato abrupto"
29062,31666,"PetrogrÃ¡fica","Contato abrupto"
29064,21694,"PetrogrÃ¡fica","Contato abrupto"
29064,21694,"PetrogrÃ¡fica","Contato abrupto"
29084,21700,"PetrogrÃ¡fica","Contato tectÃ´nico"
29104,21712,"PetrogrÃ¡fica","Contato intrusivo"
29113,21719,"PetrogrÃ¡fica","Contato gradacional"
30070,22278,"PetrogrÃ¡fica","Contato abrupto"
30071,22279,"PetrogrÃ¡fica","Contato abrupto"
30072,22280,"PetrogrÃ¡fica","Contato abrupto"
30087,22293,"PetrogrÃ¡fica","Contato abrupto"
30090,22294,"PetrogrÃ¡fica","Contato abrupto"
30250,22388,"GeoquÃ­mica","NÃ£o conformidade"
30250,22388,"GeoquÃ­mica","NÃ£o conformidade"
30674,22459,"PetrogrÃ¡fica","NÃ£o conformidade"
30697,22468,"PetrogrÃ¡fica","Contato intrusivo"
30698,22469,"PetrogrÃ¡fica","Contato intrusivo"
30800,22510,"PetrogrÃ¡fica","Contato tectÃ´nico"
31524,22924,"PetrogrÃ¡fica","Contato intrusivo"
31525,31492,"PetrogrÃ¡fica","Contato intrusivo"
31526,22925,"PetrogrÃ¡fica","Contato intrusivo"
31527,22926,"PetrogrÃ¡fica","Contato intrusivo"
31545,22936,"PetrogrÃ¡fica","Contato intrusivo"
31545,22936,"PetrogrÃ¡fica","Contato intrusivo"
31545,22936,"PetrogrÃ¡fica","Contato intrusivo"
31545,22936,"PetrogrÃ¡fica","Contato intrusivo"
31547,22937,"PetrogrÃ¡fica","Contato intrusivo"
31684,23014,"PetrogrÃ¡fica","Contato intrusivo"
31684,23014,"PetrogrÃ¡fica","Contato intrusivo"
31684,23014,"PetrogrÃ¡fica","Contato intrusivo"
31688,23015,"PetrogrÃ¡fica","Contato gradacional"
31755,23044,"PetrogrÃ¡fica","Contato abrupto"
31755,23044,"PetrogrÃ¡fica","Contato abrupto"
31755,23044,"PetrogrÃ¡fica","Contato intrusivo"
31833,23074,"PetrogrÃ¡fica","Contato intrusivo"
31862,23087,"PetrogrÃ¡fica","Contato intrusivo"
31864,23088,"PetrogrÃ¡fica","Contato intrusivo"
31864,23088,"PetrogrÃ¡fica","Contato intrusivo"
31865,23089,"PetrogrÃ¡fica","Contato intrusivo"
31865,23089,"PetrogrÃ¡fica","Contato intrusivo"
31881,23094,"PetrogrÃ¡fica","Contato intrusivo"
52629,31704,"PetrogrÃ¡fica","Disconformidade"
52630,31960,"PetrogrÃ¡fica","Disconformidade"
52631,31745,"PetrogrÃ¡fica","Disconformidade"
52752,25250,"PetrogrÃ¡fica","Contato abrupto"
52753,25251,"PetrogrÃ¡fica","Contato abrupto"
52755,25252,"PetrogrÃ¡fica","Contato abrupto"
52755,25253,"GeoquÃ­mica","Contato abrupto"
52759,31501,"PetrogrÃ¡fica","Contato abrupto"
52759,25256,"Ensaios fÃ­sicos","Contato abrupto"
52760,25257,"PetrogrÃ¡fica","Contato abrupto"
52760,25258,"GeoquÃ­mica","Contato abrupto"
52763,25261,"PetrogrÃ¡fica","Contato abrupto"
52763,25262,"GeoquÃ­mica","Contato abrupto"
52844,25333,"PetrogrÃ¡fica","Contato abrupto"
52847,25335,"PetrogrÃ¡fica","Contato abrupto"
52852,25340,"PetrogrÃ¡fica","Contato abrupto"
52854,25341,"PetrogrÃ¡fica","Contato irregular"
52854,25341,"PetrogrÃ¡fica","Contato abrupto"
52856,25342,"PetrogrÃ¡fica","Contato abrupto"
52856,25342,"PetrogrÃ¡fica","Contato abrupto"
52857,25343,"PetrogrÃ¡fica","Contato abrupto"
52867,25350,"PetrogrÃ¡fica","Contato abrupto"
52868,25351,"PetrogrÃ¡fica","Contato abrupto"
52873,25352,"PetrogrÃ¡fica","Contato abrupto"
52873,25352,"PetrogrÃ¡fica","Contato abrupto"
52873,25352,"PetrogrÃ¡fica","Contato abrupto"
52873,25352,"PetrogrÃ¡fica","Contato abrupto"
52874,25353,"PetrogrÃ¡fica","Contato abrupto"
52874,25353,"PetrogrÃ¡fica","Contato abrupto"
52874,25353,"PetrogrÃ¡fica","Contato abrupto"
52874,25353,"PetrogrÃ¡fica","Contato abrupto"
52875,25354,"PetrogrÃ¡fica","Contato abrupto"
52875,25354,"PetrogrÃ¡fica","Contato abrupto"
52875,25354,"PetrogrÃ¡fica","Contato abrupto"
52875,25354,"PetrogrÃ¡fica","Contato abrupto"
52879,25357,"PetrogrÃ¡fica","Contato abrupto"
52879,25357,"PetrogrÃ¡fica","Contato abrupto"
52879,25357,"PetrogrÃ¡fica","Contato abrupto"
52880,25358,"PetrogrÃ¡fica","Contato abrupto"
52880,25358,"PetrogrÃ¡fica","Contato abrupto"
52880,25358,"PetrogrÃ¡fica","Contato abrupto"
54959,27162,"PetrogrÃ¡fica","Contato intrusivo"
55029,32030,"PetrogrÃ¡fica","Contato abrupto"
55030,32231,"PetrogrÃ¡fica","Contato abrupto"
55033,27199,"PetrogrÃ¡fica","Contato tectÃ´nico"
55035,27200,"PetrogrÃ¡fica","Contato tectÃ´nico"
55061,31845,"PetrogrÃ¡fica","Contato intrusivo"
56581,28173,"PetrogrÃ¡fica","Contato abrupto"
56582,28174,"PetrogrÃ¡fica","Contato abrupto"
56583,28175,"PetrogrÃ¡fica","Contato abrupto"
56584,28176,"PetrogrÃ¡fica","Contato abrupto"
57374,28974,"PetrogrÃ¡fica","Contato intrusivo"
57375,28975,"PetrogrÃ¡fica","Contato intrusivo"
57388,28990,"PetrogrÃ¡fica","Contato gradacional"
57426,29035,"PetrogrÃ¡fica","Contato intrusivo"
57437,29051,"PetrogrÃ¡fica","Contato intrusivo"
57439,29053,"PetrogrÃ¡fica","Contato intrusivo"
57439,29053,"PetrogrÃ¡fica","Contato abrupto"
57440,29054,"PetrogrÃ¡fica","Contato abrupto"
57440,29054,"PetrogrÃ¡fica","Contato intrusivo"
57440,29054,"PetrogrÃ¡fica","Contato intrusivo"
57441,29055,"PetrogrÃ¡fica","Contato abrupto"
57441,29055,"PetrogrÃ¡fica","Contato intrusivo"
57441,29055,"PetrogrÃ¡fica","Contato intrusivo"
57442,29056,"PetrogrÃ¡fica","Contato intrusivo"
57442,29056,"PetrogrÃ¡fica","Contato abrupto"
57442,29056,"PetrogrÃ¡fica","Contato intrusivo"
57443,29057,"PetrogrÃ¡fica","Contato intrusivo"
57443,29057,"PetrogrÃ¡fica","Contato abrupto"
57443,29057,"PetrogrÃ¡fica","Contato intrusivo"
57448,29066,"PetrogrÃ¡fica","Contato intrusivo"
57448,29067,"GeoquÃ­mica","Contato intrusivo"
57453,29073,"GeoquÃ­mica","Contato intrusivo"
57453,29074,"PetrogrÃ¡fica","Contato intrusivo"
57462,29091,"PetrogrÃ¡fica","Contato irregular"
57462,29092,"GeoquÃ­mica","Contato irregular"
57467,29098,"PetrogrÃ¡fica","Contato intrusivo"
57467,29099,"GeoquÃ­mica","Contato intrusivo"
57472,29104,"PetrogrÃ¡fica","Contato abrupto"
57480,29112,"PetrogrÃ¡fica","Contato intrusivo"
57481,29113,"PetrogrÃ¡fica","Contato intrusivo"
57481,29114,"GeoquÃ­mica","Contato intrusivo"
57481,29115,"GeocronolÃ³gica","Contato intrusivo"
57497,29140,"PetrogrÃ¡fica","Contato abrupto"
57497,29141,"GeoquÃ­mica","Contato abrupto"
57499,29144,"GeoquÃ­mica","Contato abrupto"
57499,29145,"PetrogrÃ¡fica","Contato abrupto"
57523,29178,"PetrogrÃ¡fica","Contato intrusivo"
57523,29179,"GeoquÃ­mica","Contato intrusivo"
57542,29201,"PetrogrÃ¡fica","Contato intrusivo"
57542,29202,"GeoquÃ­mica","Contato intrusivo"
57542,29203,"GeocronolÃ³gica","Contato intrusivo"
57543,29204,"PetrogrÃ¡fica","Contato intrusivo"
57547,29208,"PetrogrÃ¡fica","Contato intrusivo"
57553,29216,"PetrogrÃ¡fica","Contato abrupto"
57553,29217,"GeoquÃ­mica","Contato abrupto"
57554,29218,"PetrogrÃ¡fica","Contato abrupto"
57555,29219,"PetrogrÃ¡fica","Contato abrupto"
57555,29219,"PetrogrÃ¡fica","Contato intrusivo"
57568,29232,"PetrogrÃ¡fica","Contato irregular"
57568,29233,"GeoquÃ­mica","Contato irregular"
57576,29244,"PetrogrÃ¡fica","Contato intrusivo"
57576,29245,"GeoquÃ­mica","Contato intrusivo"
57586,29252,"PetrogrÃ¡fica","Contato intrusivo"
57587,29253,"PetrogrÃ¡fica","Contato intrusivo"
57588,29254,"PetrogrÃ¡fica","Contato intrusivo"
57589,29255,"PetrogrÃ¡fica","Contato intrusivo"
57591,29256,"PetrogrÃ¡fica","Contato intrusivo"
57591,29256,"PetrogrÃ¡fica","Contato intrusivo"
57591,29256,"PetrogrÃ¡fica","Contato intrusivo"
57611,29277,"PetrogrÃ¡fica","Contato intrusivo"
57625,29294,"PetrogrÃ¡fica","Contato intrusivo"
57630,29298,"PetrogrÃ¡fica","Contato intrusivo"
57630,29299,"GeoquÃ­mica","Contato intrusivo"
57632,29302,"PetrogrÃ¡fica","Contato intrusivo"
57632,29303,"GeoquÃ­mica","Contato intrusivo"
59530,31158,"PetrogrÃ¡fica","Contato intrusivo"
59531,31159,"PetrogrÃ¡fica","Contato intrusivo"
59537,31161,"PetrogrÃ¡fica","Contato intrusivo"
59540,31162,"PetrogrÃ¡fica","Contato intrusivo"
59555,31169,"PetrogrÃ¡fica","Contato intrusivo"
59559,31171,"PetrogrÃ¡fica","Contato intrusivo"
59560,31172,"PetrogrÃ¡fica","Contato intrusivo"
59561,31173,"PetrogrÃ¡fica","Contato intrusivo"
59561,31173,"PetrogrÃ¡fica","Contato intrusivo"
59563,31174,"PetrogrÃ¡fica","Contato intrusivo"
59565,31176,"PetrogrÃ¡fica","Contato intrusivo"
59565,31177,"GeoquÃ­mica","Contato intrusivo"
59566,31179,"GeoquÃ­mica","Contato intrusivo"
59566,31178,"PetrogrÃ¡fica","Contato intrusivo"
59571,31188,"PetrogrÃ¡fica","Contato intrusivo"
59572,31189,"PetrogrÃ¡fica","Contato intrusivo"
59572,31190,"GeoquÃ­mica","Contato intrusivo"
59585,31199,"PetrogrÃ¡fica","Contato intrusivo"
59588,31202,"PetrogrÃ¡fica","Contato intrusivo"
59591,31203,"PetrogrÃ¡fica","Contato intrusivo"
59598,31213,"GeocronolÃ³gica","Contato intrusivo"
59598,31211,"PetrogrÃ¡fica","Contato intrusivo"
59598,31212,"GeoquÃ­mica","Contato intrusivo"
59609,31216,"PetrogrÃ¡fica","Contato intrusivo"
59609,31216,"PetrogrÃ¡fica","Contato intrusivo"
59609,31216,"PetrogrÃ¡fica","Contato intrusivo"
59611,31217,"PetrogrÃ¡fica","Contato intrusivo"
59611,31217,"PetrogrÃ¡fica","Contato intrusivo"
59611,31218,"GeoquÃ­mica","Contato intrusivo"
59611,31218,"GeoquÃ­mica","Contato intrusivo"
59612,31219,"PetrogrÃ¡fica","Contato intrusivo"
59613,31220,"PetrogrÃ¡fica","Contato intrusivo"
59614,31221,"PetrogrÃ¡fica","Contato intrusivo"
59615,31222,"PetrogrÃ¡fica","Contato intrusivo"
59622,31604,"PetrogrÃ¡fica","Contato intrusivo"
59623,31225,"PetrogrÃ¡fica","Contato intrusivo"
59633,31229,"PetrogrÃ¡fica","Contato intrusivo"
59640,31237,"PetrogrÃ¡fica","Contato intrusivo"
59640,31238,"GeoquÃ­mica","Contato intrusivo"
59641,31239,"PetrogrÃ¡fica","Contato intrusivo"
59644,31241,"PetrogrÃ¡fica","Contato intrusivo"
59648,31244,"PetrogrÃ¡fica","Contato intrusivo"
59651,31247,"PetrogrÃ¡fica","Contato intrusivo"
59656,31248,"PetrogrÃ¡fica","Contato intrusivo"
59656,31248,"PetrogrÃ¡fica","Contato intrusivo"
59657,31249,"PetrogrÃ¡fica","Contato intrusivo"
59658,31250,"PetrogrÃ¡fica","Contato intrusivo"
59658,31250,"PetrogrÃ¡fica","Contato intrusivo"
59659,31251,"PetrogrÃ¡fica","Contato intrusivo"
59666,31255,"PetrogrÃ¡fica","Contato intrusivo"
59669,31257,"PetrogrÃ¡fica","Contato intrusivo"
59669,31257,"PetrogrÃ¡fica","Contato intrusivo"
59669,31258,"GeoquÃ­mica","Contato intrusivo"
59669,31258,"GeoquÃ­mica","Contato intrusivo"
59677,31265,"PetrogrÃ¡fica","Contato intrusivo"
59701,31279,"PetrogrÃ¡fica","Contato intrusivo"
59701,31280,"GeoquÃ­mica","Contato intrusivo"
59708,31292,"PetrogrÃ¡fica","Contato intrusivo"
59708,31293,"GeoquÃ­mica","Contato intrusivo"
59716,31303,"PetrogrÃ¡fica","Contato intrusivo"
59717,31304,"PetrogrÃ¡fica","Contato intrusivo"
59718,31305,"PetrogrÃ¡fica","Contato intrusivo"
59730,31311,"PetrogrÃ¡fica","Contato intrusivo"
59730,31312,"GeoquÃ­mica","Contato intrusivo"
59731,31313,"PetrogrÃ¡fica","Contato intrusivo"
59741,31314,"PetrogrÃ¡fica","Contato intrusivo"
59757,31326,"PetrogrÃ¡fica","Contato intrusivo"
59757,31327,"GeoquÃ­mica","Contato intrusivo"
59758,31328,"PetrogrÃ¡fica","Contato intrusivo"
59758,31329,"GeoquÃ­mica","Contato intrusivo"
59765,31339,"PetrogrÃ¡fica","Contato intrusivo"
59765,31339,"PetrogrÃ¡fica","Contato intrusivo"
59765,31340,"GeoquÃ­mica","Contato intrusivo"
59765,31340,"GeoquÃ­mica","Contato intrusivo"
59766,31341,"PetrogrÃ¡fica","Contato intrusivo"
59766,31342,"GeoquÃ­mica","Contato intrusivo"
59769,31345,"PetrogrÃ¡fica","Contato intrusivo"
59776,31352,"PetrogrÃ¡fica","Contato intrusivo"
59777,31353,"PetrogrÃ¡fica","Contato intrusivo"
59779,31355,"PetrogrÃ¡fica","Contato intrusivo"
59780,31356,"PetrogrÃ¡fica","Contato intrusivo"
59781,31357,"PetrogrÃ¡fica","Contato intrusivo"
59781,31357,"PetrogrÃ¡fica","Contato intrusivo"
59781,31357,"PetrogrÃ¡fica","Contato intrusivo"
59781,31357,"PetrogrÃ¡fica","Contato intrusivo"
59782,31358,"PetrogrÃ¡fica","Contato intrusivo"
59782,31358,"PetrogrÃ¡fica","Contato intrusivo"
59787,31362,"PetrogrÃ¡fica","Contato intrusivo"
59789,31363,"PetrogrÃ¡fica","Contato intrusivo"
59802,31368,"PetrogrÃ¡fica","Contato intrusivo"
59811,31370,"PetrogrÃ¡fica","Contato intrusivo"
59811,31371,"GeoquÃ­mica","Contato intrusivo"
59811,31371,"GeoquÃ­mica","Contato intrusivo"
59811,31370,"PetrogrÃ¡fica","Contato intrusivo"
59819,31379,"PetrogrÃ¡fica","Contato intrusivo"
59822,31381,"PetrogrÃ¡fica","Contato intrusivo"
59823,31382,"PetrogrÃ¡fica","Contato intrusivo"
59841,31393,"PetrogrÃ¡fica","Contato intrusivo"
59841,31394,"GeoquÃ­mica","Contato intrusivo"
59851,31401,"PetrogrÃ¡fica","Contato intrusivo"
59862,31406,"PetrogrÃ¡fica","Contato intrusivo"
59888,31416,"PetrogrÃ¡fica","Contato intrusivo"
59889,31417,"PetrogrÃ¡fica","Contato intrusivo"
59889,31417,"PetrogrÃ¡fica","Contato intrusivo"
59891,31418,"PetrogrÃ¡fica","Contato intrusivo"
59898,31422,"PetrogrÃ¡fica","Contato intrusivo"
59900,31423,"PetrogrÃ¡fica","Contato intrusivo"
59904,31424,"PetrogrÃ¡fica","Contato intrusivo"
59911,31426,"PetrogrÃ¡fica","Contato intrusivo"
59914,31427,"PetrogrÃ¡fica","Contato intrusivo"
60029,32301,"PetrogrÃ¡fica","Contato intrusivo"
60031,32303,"PetrogrÃ¡fica","NÃ£o conformidade"
60032,32304,"PetrogrÃ¡fica","NÃ£o conformidade"
61020,32684,"GeoquÃ­mica","Contato tectÃ´nico"
61021,32685,"GeoquÃ­mica","Contato tectÃ´nico"
61022,32686,"GeoquÃ­mica","Contato tectÃ´nico"
61042,32699,"GeoquÃ­mica","Contato irregular"
61043,32700,"GeoquÃ­mica","Contato irregular"
61926,33142,"PetrogrÃ¡fica","Contato intrusivo"
61926,33142,"PetrogrÃ¡fica","Contato intrusivo"
61927,33143,"PetrogrÃ¡fica","Contato intrusivo"
61927,33143,"PetrogrÃ¡fica","Contato intrusivo"
61930,33146,"PetrogrÃ¡fica","Contato intrusivo"
61931,33147,"PetrogrÃ¡fica","Contato intrusivo"
61935,33149,"PetrogrÃ¡fica","Contato intrusivo"
62046,33254,"PetrogrÃ¡fica","Contato transicional"
62411,33568,"PetrogrÃ¡fica","Contato tectÃ´nico"
62428,33575,"PetrogrÃ¡fica","Contato tectÃ´nico"
62430,33577,"PetrogrÃ¡fica","Contato tectÃ´nico"
63297,63261,"PetrogrÃ¡fica","Contato irregular"
63307,63267,"PetrogrÃ¡fica","Contato abrupto"
63308,63268,"PetrogrÃ¡fica","Contato abrupto"
63353,63299,"PetrogrÃ¡fica","Contato intrusivo"
63354,63301,"PetrogrÃ¡fica","Contato intrusivo"
63354,63300,"GeoquÃ­mica","Contato intrusivo"
76526,75315,"PetrogrÃ¡fica","Contato tectÃ´nico"
76527,75316,"PetrogrÃ¡fica","Contato tectÃ´nico"
76528,75317,"PetrogrÃ¡fica","Contato tectÃ´nico"
76529,75318,"PetrogrÃ¡fica","Contato tectÃ´nico"
76530,75319,"PetrogrÃ¡fica","Contato tectÃ´nico"
76598,75387,"PetrogrÃ¡fica","Contato tectÃ´nico"
78680,77298,"PetrogrÃ¡fica","Contato intrusivo"
78681,77299,"PetrogrÃ¡fica","Contato intrusivo"
78682,77300,"PetrogrÃ¡fica","Contato intrusivo"
78687,77306,"PetrogrÃ¡fica","Contato intrusivo"
78687,77306,"PetrogrÃ¡fica","Contato intrusivo"
78687,77307,"GeoquÃ­mica","Contato intrusivo"
78687,77307,"GeoquÃ­mica","Contato intrusivo"
78688,77308,"PetrogrÃ¡fica","Contato intrusivo"
78688,77309,"GeoquÃ­mica","Contato intrusivo"
78688,77309,"GeoquÃ­mica","Contato intrusivo"
78688,77308,"PetrogrÃ¡fica","Contato intrusivo"
78695,77318,"PetrogrÃ¡fica","Contato intrusivo"
78695,77319,"GeoquÃ­mica","Contato intrusivo"
78696,77320,"PetrogrÃ¡fica","Contato intrusivo"
78697,77321,"PetrogrÃ¡fica","Contato intrusivo"
78698,77322,"PetrogrÃ¡fica","Contato intrusivo"
78698,77323,"GeoquÃ­mica","Contato intrusivo"
78703,77329,"GeoquÃ­mica","Contato intrusivo"
78703,77328,"PetrogrÃ¡fica","Contato intrusivo"
78704,77330,"PetrogrÃ¡fica","Contato intrusivo"
78705,77331,"PetrogrÃ¡fica","Contato intrusivo"
78715,77345,"PetrogrÃ¡fica","Contato intrusivo"
78715,77345,"PetrogrÃ¡fica","Contato intrusivo"
78716,77346,"PetrogrÃ¡fica","Contato intrusivo"
78716,77346,"PetrogrÃ¡fica","Contato intrusivo"
78718,77349,"PetrogrÃ¡fica","Contato intrusivo"
78718,77350,"GeoquÃ­mica","Contato intrusivo"
78719,77351,"PetrogrÃ¡fica","Contato intrusivo"
78719,77352,"GeoquÃ­mica","Contato intrusivo"
78721,77354,"PetrogrÃ¡fica","Contato intrusivo"
78722,77355,"PetrogrÃ¡fica","Contato intrusivo"
78722,77355,"PetrogrÃ¡fica","Contato intrusivo"
78723,77356,"PetrogrÃ¡fica","Contato intrusivo"
78723,77356,"PetrogrÃ¡fica","Contato intrusivo"
78730,77364,"PetrogrÃ¡fica","Contato intrusivo"
78731,77365,"PetrogrÃ¡fica","Contato intrusivo"
78734,77369,"PetrogrÃ¡fica","Contato intrusivo"
78734,77369,"PetrogrÃ¡fica","Contato intrusivo"
78735,77370,"PetrogrÃ¡fica","Contato intrusivo"
78735,77370,"PetrogrÃ¡fica","Contato intrusivo"
78743,77382,"PetrogrÃ¡fica","Contato intrusivo"
78745,77384,"PetrogrÃ¡fica","Contato intrusivo"
78748,77387,"PetrogrÃ¡fica","Contato intrusivo"
78756,77395,"PetrogrÃ¡fica","Contato intrusivo"
78756,77395,"PetrogrÃ¡fica","Contato intrusivo"
78764,77403,"PetrogrÃ¡fica","Contato intrusivo"
78764,77403,"PetrogrÃ¡fica","Contato intrusivo"
78799,77436,"PetrogrÃ¡fica","Discordancia angular"
78800,77437,"PetrogrÃ¡fica","Discordancia angular"
81297,78694,"PetrogrÃ¡fica","Contato abrupto"
81298,78695,"PetrogrÃ¡fica","Contato abrupto"
81301,78698,"PetrogrÃ¡fica","Contato intrusivo"
81311,78707,"PetrogrÃ¡fica","Contato intrusivo"
81312,78708,"PetrogrÃ¡fica","Contato intrusivo"
81313,78709,"PetrogrÃ¡fica","Contato intrusivo"
81324,78720,"PetrogrÃ¡fica","Contato tectÃ´nico"
81324,78720,"PetrogrÃ¡fica","Contato intrusivo"
81325,78721,"PetrogrÃ¡fica","Contato tectÃ´nico"
81325,78721,"PetrogrÃ¡fica","Contato intrusivo"
81326,78722,"PetrogrÃ¡fica","Contato tectÃ´nico"
81326,78722,"PetrogrÃ¡fica","Contato intrusivo"
81327,78723,"PetrogrÃ¡fica","Contato tectÃ´nico"
81327,78723,"PetrogrÃ¡fica","Contato intrusivo"
81328,78724,"PetrogrÃ¡fica","Contato tectÃ´nico"
81328,78724,"PetrogrÃ¡fica","Contato intrusivo"
81341,78735,"PetrogrÃ¡fica","Contato intrusivo"
81342,78736,"PetrogrÃ¡fica","Contato intrusivo"
81351,78745,"PetrogrÃ¡fica","Contato intrusivo"
81352,78746,"PetrogrÃ¡fica","Contato intrusivo"
81354,78748,"PetrogrÃ¡fica","Contato intrusivo"
81355,78749,"PetrogrÃ¡fica","Contato intrusivo"
81356,78750,"PetrogrÃ¡fica","Contato intrusivo"
81357,78751,"PetrogrÃ¡fica","Contato intrusivo"
83210,80437,"PetrogrÃ¡fica","Contato tectÃ´nico"
83211,80438,"PetrogrÃ¡fica","Contato tectÃ´nico"
83226,80446,"PetrogrÃ¡fica","Contato tectÃ´nico"
84276,81036,"PetrogrÃ¡fica","Contato abrupto"
84560,81194,"GeoquÃ­mica","Discordancia angular"
84560,81195,"PetrogrÃ¡fica","Discordancia angular"
84561,81196,"PetrogrÃ¡fica","Discordancia angular"
84614,81231,"PetrogrÃ¡fica","Contato gradacional"
84690,81308,"PetrogrÃ¡fica","Contato tectÃ´nico"
84690,81308,"PetrogrÃ¡fica","Contato tectÃ´nico"
84691,81309,"PetrogrÃ¡fica","Contato tectÃ´nico"
84691,81309,"PetrogrÃ¡fica","Contato tectÃ´nico"
84692,81311,"GeoquÃ­mica","Contato tectÃ´nico"
84692,81310,"PetrogrÃ¡fica","Contato tectÃ´nico"
84692,81310,"PetrogrÃ¡fica","Contato tectÃ´nico"
84692,81311,"GeoquÃ­mica","Contato tectÃ´nico"
84693,81312,"PetrogrÃ¡fica","Contato tectÃ´nico"
84693,81313,"GeoquÃ­mica","Contato tectÃ´nico"
84694,81314,"PetrogrÃ¡fica","Contato tectÃ´nico"
84694,81315,"GeoquÃ­mica","Contato tectÃ´nico"
84697,81316,"PetrogrÃ¡fica","Contato intrusivo"
84697,81317,"GeoquÃ­mica","Contato intrusivo"
84698,81318,"GeoquÃ­mica","Contato intrusivo"
84699,81319,"PetrogrÃ¡fica","Contato intrusivo"
84699,81320,"GeoquÃ­mica","Contato intrusivo"
85345,81727,"PetrogrÃ¡fica","Contato abrupto"
85346,81728,"PetrogrÃ¡fica","Contato abrupto"
85359,81737,"PetrogrÃ¡fica","Contato irregular"
85360,81738,"PetrogrÃ¡fica","Contato irregular"
85361,81739,"PetrogrÃ¡fica","Contato irregular"
85362,81740,"PetrogrÃ¡fica","Contato irregular"
85363,81741,"PetrogrÃ¡fica","Contato irregular"
85364,81742,"PetrogrÃ¡fica","Contato irregular"
85366,81743,"PetrogrÃ¡fica","Contato irregular"
85489,81794,"PetrogrÃ¡fica","Contato abrupto"
85515,81808,"PetrogrÃ¡fica","Contato abrupto"
85516,81809,"PetrogrÃ¡fica","Contato abrupto"
85533,81811,"PetrogrÃ¡fica","Contato abrupto"
85534,81812,"PetrogrÃ¡fica","Contato abrupto"
85539,81814,"PetrogrÃ¡fica","Contato abrupto"
86851,82554,"PetrogrÃ¡fica","Contato intrusivo"
86852,82555,"PetrogrÃ¡fica","Contato intrusivo"
86853,82556,"Ensaios fÃ­sicos","Contato intrusivo"
86859,82560,"PetrogrÃ¡fica","Contato intrusivo"
87752,83299,"PetrogrÃ¡fica","Contato irregular"
87753,83300,"PetrogrÃ¡fica","Contato intrusivo"
87754,83301,"PetrogrÃ¡fica","Contato intrusivo"
88967,84196,"PetrogrÃ¡fica","Contato abrupto"
88993,84217,"PetrogrÃ¡fica","Contato abrupto"
89058,84276,"PetrogrÃ¡fica","Contato abrupto"
89421,84620,"PetrogrÃ¡fica","Contato irregular"
89466,84671,"PetrogrÃ¡fica","Contato abrupto"
89467,84672,"PetrogrÃ¡fica","Contato abrupto"
89468,84673,"PetrogrÃ¡fica","Contato abrupto"
89468,84674,"GeoquÃ­mica","Contato abrupto"
92845,87938,"PetrogrÃ¡fica","Contato intrusivo"
92846,87939,"PetrogrÃ¡fica","Contato intrusivo"
101280,92771,"PetrogrÃ¡fica","Contato gradacional"
101282,92773,"PetrogrÃ¡fica","Contato intrusivo"
101283,92774,"PetrogrÃ¡fica","Contato intrusivo"
101326,92793,"PetrogrÃ¡fica","Contato intrusivo"
101326,92793,"PetrogrÃ¡fica","Contato intrusivo"
101327,92794,"PetrogrÃ¡fica","Contato irregular"
101327,92794,"PetrogrÃ¡fica","Contato irregular"
101336,92795,"PetrogrÃ¡fica","Contato irregular"
101355,92796,"PetrogrÃ¡fica","Contato irregular"
101365,92797,"PetrogrÃ¡fica","Contato irregular"
101398,92799,"PetrogrÃ¡fica","Contato intrusivo"
101398,92799,"PetrogrÃ¡fica","Contato intrusivo"
101612,92810,"PetrogrÃ¡fica","Contato gradacional"
101697,92820,"PetrogrÃ¡fica","Contato intrusivo"
101698,92821,"PetrogrÃ¡fica","Contato intrusivo"
101698,92821,"PetrogrÃ¡fica","Contato intrusivo"
101705,92824,"PetrogrÃ¡fica","Contato irregular"
101709,92828,"PetrogrÃ¡fica","Contato intrusivo"
101712,92829,"PetrogrÃ¡fica","Contato intrusivo"
101712,92829,"PetrogrÃ¡fica","Contato intrusivo"
101712,92829,"PetrogrÃ¡fica","Contato intrusivo"
101718,92830,"PetrogrÃ¡fica","Contato intrusivo"
105162,95770,"PetrogrÃ¡fica","Contato intrusivo"
105163,95771,"PetrogrÃ¡fica","Contato intrusivo"
106116,96663,"PetrogrÃ¡fica","Contato intrusivo"
106193,96702,"PetrogrÃ¡fica","NÃ£o conformidade"
106214,96722,"PetrogrÃ¡fica","Disconformidade"
106215,96723,"PetrogrÃ¡fica","NÃ£o conformidade"
106216,96724,"PetrogrÃ¡fica","NÃ£o conformidade"
106223,96731,"PetrogrÃ¡fica","NÃ£o conformidade"
106363,96820,"PetrogrÃ¡fica","Contato intrusivo"
106363,96820,"PetrogrÃ¡fica","Contato intrusivo"
106364,96821,"PetrogrÃ¡fica","Contato intrusivo"
106364,96821,"PetrogrÃ¡fica","Contato intrusivo"
106364,96821,"PetrogrÃ¡fica","Contato intrusivo"
106365,96822,"PetrogrÃ¡fica","Contato intrusivo"
106365,96822,"PetrogrÃ¡fica","Contato intrusivo"
106365,96822,"PetrogrÃ¡fica","Contato intrusivo"
106368,96825,"PetrogrÃ¡fica","Contato intrusivo"
106368,96825,"PetrogrÃ¡fica","Contato intrusivo"
106369,96826,"PetrogrÃ¡fica","Contato intrusivo"
106369,96826,"PetrogrÃ¡fica","Contato intrusivo"
106370,96827,"PetrogrÃ¡fica","Contato intrusivo"
106371,96828,"PetrogrÃ¡fica","Contato intrusivo"
106371,96828,"PetrogrÃ¡fica","Contato intrusivo"
106372,96829,"PetrogrÃ¡fica","Contato intrusivo"
106372,96829,"PetrogrÃ¡fica","Contato intrusivo"
106373,96830,"PetrogrÃ¡fica","Contato irregular"
106374,96831,"PetrogrÃ¡fica","Contato irregular"
106375,96832,"PetrogrÃ¡fica","Contato irregular"
106375,96832,"PetrogrÃ¡fica","Contato intrusivo"
106375,96832,"PetrogrÃ¡fica","Contato intrusivo"
106376,96833,"PetrogrÃ¡fica","Contato intrusivo"
106376,96833,"PetrogrÃ¡fica","Contato irregular"
106376,96833,"PetrogrÃ¡fica","Contato intrusivo"
106378,96835,"PetrogrÃ¡fica","Contato intrusivo"
106378,96835,"PetrogrÃ¡fica","Contato intrusivo"
106379,96836,"PetrogrÃ¡fica","Contato gradacional"
106380,96837,"PetrogrÃ¡fica","Contato gradacional"
106381,96838,"PetrogrÃ¡fica","Contato intrusivo"
106382,96839,"PetrogrÃ¡fica","Contato tectÃ´nico"
106382,96839,"PetrogrÃ¡fica","Contato tectÃ´nico"
106382,96839,"PetrogrÃ¡fica","Contato tectÃ´nico"
106383,96840,"PetrogrÃ¡fica","Contato tectÃ´nico"
106383,96840,"PetrogrÃ¡fica","Contato tectÃ´nico"
106383,96840,"PetrogrÃ¡fica","Contato tectÃ´nico"
106384,96841,"PetrogrÃ¡fica","Contato tectÃ´nico"
106384,96841,"PetrogrÃ¡fica","Contato tectÃ´nico"
106384,96841,"PetrogrÃ¡fica","Contato tectÃ´nico"
106385,96842,"PetrogrÃ¡fica","Contato tectÃ´nico"
106385,96842,"PetrogrÃ¡fica","Contato tectÃ´nico"
106385,96842,"PetrogrÃ¡fica","Contato tectÃ´nico"
106386,96843,"PetrogrÃ¡fica","Contato tectÃ´nico"
106386,96843,"PetrogrÃ¡fica","Contato tectÃ´nico"
106386,96843,"PetrogrÃ¡fica","Contato tectÃ´nico"
106387,96844,"PetrogrÃ¡fica","Contato tectÃ´nico"
106387,96844,"PetrogrÃ¡fica","Contato tectÃ´nico"
106387,96844,"PetrogrÃ¡fica","Contato tectÃ´nico"
106388,96845,"PetrogrÃ¡fica","Contato tectÃ´nico"
106389,96846,"PetrogrÃ¡fica","Contato tectÃ´nico"
106390,96847,"PetrogrÃ¡fica","Contato tectÃ´nico"
106393,96850,"PetrogrÃ¡fica","Contato intrusivo"
106394,96851,"PetrogrÃ¡fica","Contato intrusivo"
106395,96852,"PetrogrÃ¡fica","Contato intrusivo"
106396,96853,"PetrogrÃ¡fica","Contato intrusivo"
106396,96853,"PetrogrÃ¡fica","Contato intrusivo"
106397,96854,"PetrogrÃ¡fica","Contato intrusivo"
106397,96854,"PetrogrÃ¡fica","Contato intrusivo"
106398,96855,"PetrogrÃ¡fica","Contato intrusivo"
106398,96855,"PetrogrÃ¡fica","Contato intrusivo"
106400,96857,"PetrogrÃ¡fica","Contato intrusivo"
106400,96857,"PetrogrÃ¡fica","Contato intrusivo"
106401,96858,"PetrogrÃ¡fica","Contato intrusivo"
106402,96859,"PetrogrÃ¡fica","Contato intrusivo"
106402,96859,"PetrogrÃ¡fica","Contato intrusivo"
106403,96860,"PetrogrÃ¡fica","Contato intrusivo"
106404,96861,"PetrogrÃ¡fica","Contato intrusivo"
106404,96861,"PetrogrÃ¡fica","Contato intrusivo"
106404,96861,"PetrogrÃ¡fica","Contato intrusivo"
106405,96862,"PetrogrÃ¡fica","Contato intrusivo"
106406,96863,"PetrogrÃ¡fica","Contato intrusivo"
106407,96864,"PetrogrÃ¡fica","Contato intrusivo"
106407,96864,"PetrogrÃ¡fica","Contato intrusivo"
106407,96864,"PetrogrÃ¡fica","Contato intrusivo"
106408,96865,"PetrogrÃ¡fica","Contato intrusivo"
106408,96865,"PetrogrÃ¡fica","Contato intrusivo"
106408,96865,"PetrogrÃ¡fica","Contato intrusivo"
106409,96866,"PetrogrÃ¡fica","Contato intrusivo"
106409,96866,"PetrogrÃ¡fica","Contato intrusivo"
106409,96866,"PetrogrÃ¡fica","Contato intrusivo"
106410,96867,"PetrogrÃ¡fica","Contato intrusivo"
106410,96867,"PetrogrÃ¡fica","Contato intrusivo"
106410,96867,"PetrogrÃ¡fica","Contato intrusivo"
106413,96870,"PetrogrÃ¡fica","Contato intrusivo"
106413,96870,"PetrogrÃ¡fica","Contato intrusivo"
106414,96871,"PetrogrÃ¡fica","Contato intrusivo"
106414,96871,"PetrogrÃ¡fica","Contato intrusivo"
106415,96872,"PetrogrÃ¡fica","Contato intrusivo"
106415,96872,"PetrogrÃ¡fica","Contato intrusivo"
106416,96873,"PetrogrÃ¡fica","Contato intrusivo"
106416,96873,"PetrogrÃ¡fica","Contato intrusivo"
106417,96874,"PetrogrÃ¡fica","Contato intrusivo"
106418,96875,"PetrogrÃ¡fica","Contato intrusivo"
106419,96876,"PetrogrÃ¡fica","Contato intrusivo"
106419,96876,"PetrogrÃ¡fica","Contato intrusivo"
106420,96877,"PetrogrÃ¡fica","Contato intrusivo"
106420,96877,"PetrogrÃ¡fica","Contato intrusivo"
106421,96878,"PetrogrÃ¡fica","Contato intrusivo"
106421,96878,"PetrogrÃ¡fica","Contato intrusivo"
106422,96879,"PetrogrÃ¡fica","Contato intrusivo"
106422,96879,"PetrogrÃ¡fica","Contato intrusivo"
106424,96881,"PetrogrÃ¡fica","Contato irregular"
106424,96881,"PetrogrÃ¡fica","Contato intrusivo"
106425,96882,"PetrogrÃ¡fica","Contato irregular"
106425,96882,"PetrogrÃ¡fica","Contato intrusivo"
106426,96883,"PetrogrÃ¡fica","Contato irregular"
106426,96883,"PetrogrÃ¡fica","Contato intrusivo"
106427,96884,"PetrogrÃ¡fica","Contato intrusivo"
106427,96884,"PetrogrÃ¡fica","Contato irregular"
106429,96886,"PetrogrÃ¡fica","Contato intrusivo"
106430,96887,"PetrogrÃ¡fica","Contato intrusivo"
106430,96887,"PetrogrÃ¡fica","Contato intrusivo"
106433,96890,"PetrogrÃ¡fica","Contato intrusivo"
106434,96891,"PetrogrÃ¡fica","Contato intrusivo"
106434,96891,"PetrogrÃ¡fica","Contato intrusivo"
106435,96892,"PetrogrÃ¡fica","Contato intrusivo"
106435,96892,"PetrogrÃ¡fica","Contato intrusivo"
106437,96894,"PetrogrÃ¡fica","Contato intrusivo"
106437,96894,"PetrogrÃ¡fica","Contato intrusivo"
106441,96898,"PetrogrÃ¡fica","Contato intrusivo"
106441,96898,"PetrogrÃ¡fica","Contato intrusivo"
106444,96901,"PetrogrÃ¡fica","Contato tectÃ´nico"
106445,96902,"PetrogrÃ¡fica","Contato tectÃ´nico"
106447,96903,"PetrogrÃ¡fica","Contato tectÃ´nico"
106448,96904,"PetrogrÃ¡fica","Contato intrusivo"
106450,96906,"PetrogrÃ¡fica","Contato intrusivo"
106451,96907,"PetrogrÃ¡fica","Contato intrusivo"
106451,96907,"PetrogrÃ¡fica","Contato intrusivo"
106452,96908,"PetrogrÃ¡fica","Contato intrusivo"
106456,96912,"PetrogrÃ¡fica","Contato intrusivo"
106456,96912,"PetrogrÃ¡fica","Contato intrusivo"
106457,96913,"PetrogrÃ¡fica","Contato intrusivo"
106457,96913,"PetrogrÃ¡fica","Contato intrusivo"
106458,96914,"PetrogrÃ¡fica","Contato intrusivo"
106458,96914,"PetrogrÃ¡fica","Contato intrusivo"
106460,96916,"PetrogrÃ¡fica","Contato irregular"
106461,96917,"PetrogrÃ¡fica","Contato irregular"
106462,96918,"PetrogrÃ¡fica","Contato irregular"
106463,96919,"PetrogrÃ¡fica","Contato irregular"
106465,96921,"PetrogrÃ¡fica","Contato intrusivo"
106465,96921,"PetrogrÃ¡fica","Contato intrusivo"
106465,96921,"PetrogrÃ¡fica","Contato intrusivo"
106466,96922,"PetrogrÃ¡fica","Contato intrusivo"
106466,96922,"PetrogrÃ¡fica","Contato intrusivo"
106466,96922,"PetrogrÃ¡fica","Contato intrusivo"
106467,96923,"PetrogrÃ¡fica","Contato intrusivo"
106467,96923,"PetrogrÃ¡fica","Contato intrusivo"
106467,96923,"PetrogrÃ¡fica","Contato intrusivo"
106468,96924,"PetrogrÃ¡fica","Contato intrusivo"
106480,96936,"PetrogrÃ¡fica","Contato irregular"
106481,96937,"PetrogrÃ¡fica","Contato irregular"
106481,96937,"PetrogrÃ¡fica","Contato intrusivo"
106482,96938,"PetrogrÃ¡fica","Contato tectÃ´nico"
106483,96939,"PetrogrÃ¡fica","Contato tectÃ´nico"
106485,96941,"PetrogrÃ¡fica","Contato irregular"
106485,96941,"PetrogrÃ¡fica","Contato intrusivo"
106486,96942,"PetrogrÃ¡fica","Contato intrusivo"
106487,96943,"PetrogrÃ¡fica","Contato intrusivo"
106487,96943,"PetrogrÃ¡fica","Contato irregular"
106488,96944,"PetrogrÃ¡fica","Contato irregular"
106488,96944,"PetrogrÃ¡fica","Contato irregular"
106488,96944,"PetrogrÃ¡fica","Contato irregular"
106490,96945,"PetrogrÃ¡fica","Contato irregular"
106490,96945,"PetrogrÃ¡fica","Contato irregular"
106490,96945,"PetrogrÃ¡fica","Contato irregular"
106491,96946,"PetrogrÃ¡fica","Contato irregular"
106491,96946,"PetrogrÃ¡fica","Contato irregular"
106491,96946,"PetrogrÃ¡fica","Contato irregular"
106492,96947,"PetrogrÃ¡fica","Contato intrusivo"
106492,96947,"PetrogrÃ¡fica","Contato irregular"
106493,96948,"PetrogrÃ¡fica","Contato intrusivo"
106493,96948,"PetrogrÃ¡fica","Contato irregular"
106494,96949,"PetrogrÃ¡fica","Contato intrusivo"
106494,96949,"PetrogrÃ¡fica","Contato irregular"
106496,96951,"PetrogrÃ¡fica","Contato irregular"
106496,96951,"PetrogrÃ¡fica","Contato irregular"
106497,96952,"PetrogrÃ¡fica","Contato irregular"
106497,96952,"PetrogrÃ¡fica","Contato irregular"
106498,96953,"PetrogrÃ¡fica","Contato irregular"
106498,96953,"PetrogrÃ¡fica","Contato irregular"
106499,96954,"PetrogrÃ¡fica","Contato irregular"
106499,96954,"PetrogrÃ¡fica","Contato irregular"
106500,96955,"PetrogrÃ¡fica","Contato irregular"
106500,96955,"PetrogrÃ¡fica","Contato irregular"
106501,96956,"PetrogrÃ¡fica","Contato tectÃ´nico"
106502,96957,"PetrogrÃ¡fica","Contato tectÃ´nico"
106503,96958,"PetrogrÃ¡fica","Contato irregular"
106507,96962,"PetrogrÃ¡fica","Contato irregular"
106507,96962,"PetrogrÃ¡fica","Contato irregular"
106508,96963,"PetrogrÃ¡fica","Contato irregular"
106508,96963,"PetrogrÃ¡fica","Contato irregular"
106509,96964,"PetrogrÃ¡fica","Contato irregular"
106509,96964,"PetrogrÃ¡fica","Contato irregular"
106513,96967,"PetrogrÃ¡fica","Contato intrusivo"
106515,96969,"PetrogrÃ¡fica","Contato intrusivo"
106516,96970,"PetrogrÃ¡fica","Contato intrusivo"
106519,96973,"PetrogrÃ¡fica","Contato intrusivo"
106521,96975,"PetrogrÃ¡fica","Contato intrusivo"
106525,96979,"PetrogrÃ¡fica","Contato intrusivo"
106526,96980,"PetrogrÃ¡fica","Contato intrusivo"
106528,96982,"PetrogrÃ¡fica","Contato irregular"
106528,96982,"PetrogrÃ¡fica","Contato irregular"
106530,96984,"PetrogrÃ¡fica","Contato intrusivo"
106531,96985,"PetrogrÃ¡fica","Contato intrusivo"
106534,96988,"PetrogrÃ¡fica","Contato intrusivo"
106535,96989,"PetrogrÃ¡fica","Contato intrusivo"
106536,96990,"PetrogrÃ¡fica","Contato intrusivo"
106536,96990,"PetrogrÃ¡fica","Contato intrusivo"
106537,96991,"PetrogrÃ¡fica","Contato intrusivo"
106539,96993,"PetrogrÃ¡fica","Contato intrusivo"
106539,96993,"PetrogrÃ¡fica","Contato intrusivo"
106540,96994,"PetrogrÃ¡fica","Contato intrusivo"
106540,96994,"PetrogrÃ¡fica","Contato intrusivo"
106541,96995,"PetrogrÃ¡fica","Contato intrusivo"
106542,96996,"PetrogrÃ¡fica","Contato intrusivo"
106542,96996,"PetrogrÃ¡fica","Contato intrusivo"
106543,96997,"PetrogrÃ¡fica","Contato intrusivo"
106543,96997,"PetrogrÃ¡fica","Contato intrusivo"
106544,96998,"PetrogrÃ¡fica","Contato irregular"
106545,96999,"PetrogrÃ¡fica","Contato irregular"
106547,97001,"PetrogrÃ¡fica","Contato gradacional"
106547,97001,"PetrogrÃ¡fica","Contato irregular"
106548,97002,"PetrogrÃ¡fica","Contato gradacional"
106548,97002,"PetrogrÃ¡fica","Contato irregular"
106549,97003,"PetrogrÃ¡fica","Contato gradacional"
106549,97003,"PetrogrÃ¡fica","Contato irregular"
106551,97005,"PetrogrÃ¡fica","Contato irregular"
106551,97005,"PetrogrÃ¡fica","Contato irregular"
106551,97005,"PetrogrÃ¡fica","Contato irregular"
106552,97006,"PetrogrÃ¡fica","Contato irregular"
106552,97006,"PetrogrÃ¡fica","Contato irregular"
106552,97006,"PetrogrÃ¡fica","Contato irregular"
106555,97009,"PetrogrÃ¡fica","Contato intrusivo"
106556,97010,"PetrogrÃ¡fica","Contato intrusivo"
106557,97011,"PetrogrÃ¡fica","Contato intrusivo"
106561,97015,"PetrogrÃ¡fica","Contato irregular"
106562,97016,"PetrogrÃ¡fica","Contato irregular"
106563,97017,"PetrogrÃ¡fica","Contato intrusivo"
106564,97018,"PetrogrÃ¡fica","Contato intrusivo"
106565,97019,"PetrogrÃ¡fica","Contato abrupto"
106565,97019,"PetrogrÃ¡fica","Contato intrusivo"
106566,97020,"PetrogrÃ¡fica","Contato abrupto"
106566,97020,"PetrogrÃ¡fica","Contato intrusivo"
106567,97021,"PetrogrÃ¡fica","Contato intrusivo"
106568,97022,"PetrogrÃ¡fica","Contato intrusivo"
106570,97024,"PetrogrÃ¡fica","Contato intrusivo"
106571,97025,"PetrogrÃ¡fica","Contato intrusivo"
106574,97028,"PetrogrÃ¡fica","Contato intrusivo"
106578,97029,"PetrogrÃ¡fica","Contato irregular"
106579,97030,"PetrogrÃ¡fica","Contato intrusivo"
106581,97032,"PetrogrÃ¡fica","Contato intrusivo"
106583,97034,"PetrogrÃ¡fica","Contato intrusivo"
106586,97037,"PetrogrÃ¡fica","Contato intrusivo"
106586,97037,"PetrogrÃ¡fica","Contato intrusivo"
106587,97038,"PetrogrÃ¡fica","Contato intrusivo"
106587,97038,"PetrogrÃ¡fica","Contato intrusivo"
106588,97039,"PetrogrÃ¡fica","Contato intrusivo"
106588,97039,"PetrogrÃ¡fica","Contato intrusivo"
106589,97040,"PetrogrÃ¡fica","Contato intrusivo"
106589,97040,"PetrogrÃ¡fica","Contato intrusivo"
106590,97041,"PetrogrÃ¡fica","Contato gradacional"
106591,97042,"PetrogrÃ¡fica","Contato gradacional"
106592,97043,"PetrogrÃ¡fica","Contato intrusivo"
106593,97044,"PetrogrÃ¡fica","Contato intrusivo"
106594,97045,"PetrogrÃ¡fica","Contato intrusivo"
106596,97047,"PetrogrÃ¡fica","Contato intrusivo"
106597,97048,"PetrogrÃ¡fica","Contato intrusivo"
106598,97049,"PetrogrÃ¡fica","Contato intrusivo"
106599,97050,"PetrogrÃ¡fica","Contato tectÃ´nico"
106600,97051,"PetrogrÃ¡fica","Contato tectÃ´nico"
106601,97052,"PetrogrÃ¡fica","Contato intrusivo"
106603,97054,"PetrogrÃ¡fica","Contato intrusivo"
106606,97056,"PetrogrÃ¡fica","Contato intrusivo"
106607,97057,"PetrogrÃ¡fica","Contato intrusivo"
106608,97058,"PetrogrÃ¡fica","Contato intrusivo"
106609,97059,"PetrogrÃ¡fica","Contato intrusivo"
106614,97064,"PetrogrÃ¡fica","Contato irregular"
106615,97065,"PetrogrÃ¡fica","Contato irregular"
106618,97067,"PetrogrÃ¡fica","Contato irregular"
106619,97068,"PetrogrÃ¡fica","Contato intrusivo"
106620,97069,"PetrogrÃ¡fica","Contato intrusivo"
106620,97069,"PetrogrÃ¡fica","Contato intrusivo"
106621,97070,"PetrogrÃ¡fica","Contato intrusivo"
106622,97071,"PetrogrÃ¡fica","Contato intrusivo"
106622,97071,"PetrogrÃ¡fica","Contato intrusivo"
106624,97073,"PetrogrÃ¡fica","Contato intrusivo"
106626,97075,"PetrogrÃ¡fica","Contato irregular"
106627,97076,"PetrogrÃ¡fica","Contato irregular"
106628,97077,"PetrogrÃ¡fica","Contato irregular"
106629,97078,"PetrogrÃ¡fica","Contato irregular"
106630,97079,"PetrogrÃ¡fica","Contato intrusivo"
106631,97080,"PetrogrÃ¡fica","Contato intrusivo"
106641,97081,"PetrogrÃ¡fica","Contato intrusivo"
108606,98439,"PetrogrÃ¡fica","Contato irregular"
108606,98440,"GeoquÃ­mica","Contato irregular"
108614,98447,"GeoquÃ­mica","Contato intrusivo"
108615,98448,"GeocronolÃ³gica","Contato intrusivo"
108918,98702,"GeoquÃ­mica","Contato intrusivo"
108944,98711,"PetrogrÃ¡fica","Contato abrupto"
108944,98712,"GeoquÃ­mica","Contato abrupto"
108946,98713,"PetrogrÃ¡fica","Contato abrupto"
108946,98713,"PetrogrÃ¡fica","Contato abrupto"
108947,98714,"PetrogrÃ¡fica","Contato abrupto"
108947,98714,"PetrogrÃ¡fica","Contato abrupto"
108947,98715,"GeoquÃ­mica","Contato abrupto"
108947,98715,"GeoquÃ­mica","Contato abrupto"
108948,98716,"PetrogrÃ¡fica","Contato abrupto"
108948,98716,"PetrogrÃ¡fica","Contato abrupto"
108948,98717,"GeoquÃ­mica","Contato abrupto"
108948,98717,"GeoquÃ­mica","Contato abrupto"
108949,98718,"PetrogrÃ¡fica","Contato abrupto"
108949,98718,"PetrogrÃ¡fica","Contato abrupto"
110360,99501,"PetrogrÃ¡fica","Contato intrusivo"
110360,99501,"PetrogrÃ¡fica","Contato irregular"
110361,99502,"PetrogrÃ¡fica","Contato intrusivo"
110361,99502,"PetrogrÃ¡fica","Contato irregular"
110363,99503,"PetrogrÃ¡fica","Contato intrusivo"
110363,99503,"PetrogrÃ¡fica","Contato irregular"
110623,99660,"PetrogrÃ¡fica","Contato tectÃ´nico"
110655,99702,"PetrogrÃ¡fica","Contato abrupto"
110655,99703,"GeoquÃ­mica","Contato abrupto"
110656,99704,"PetrogrÃ¡fica","Contato abrupto"
110656,99705,"GeoquÃ­mica","Contato abrupto"
110728,99779,"PetrogrÃ¡fica","Contato abrupto"
110729,99780,"PetrogrÃ¡fica","Contato abrupto"
110730,99781,"PetrogrÃ¡fica","Contato intrusivo"
110731,99782,"PetrogrÃ¡fica","Contato intrusivo"
110756,99791,"PetrogrÃ¡fica","Contato irregular"
110757,99792,"PetrogrÃ¡fica","Contato irregular"
110889,99936,"PetrogrÃ¡fica","Contato irregular"
110890,99937,"PetrogrÃ¡fica","Contato irregular"
110891,99938,"PetrogrÃ¡fica","Contato irregular"
110892,99939,"PetrogrÃ¡fica","Contato irregular"
115413,103821,"PetrogrÃ¡fica","Contato irregular"
115413,103821,"PetrogrÃ¡fica","Contato irregular"
115413,103821,"PetrogrÃ¡fica","Contato irregular"
115452,103822,"PetrogrÃ¡fica","Contato abrupto"
115464,103823,"PetrogrÃ¡fica","Contato irregular"
115464,103823,"PetrogrÃ¡fica","Contato gradacional"
115465,103824,"PetrogrÃ¡fica","Contato gradacional"
115465,103824,"PetrogrÃ¡fica","Contato gradacional"
116537,104657,"PetrogrÃ¡fica","Contato gradacional"
116652,104703,"GeocronolÃ³gica","Contato irregular"
116652,104704,"PetrogrÃ¡fica","Contato irregular"
116776,104800,"PetrogrÃ¡fica","Contato irregular"
116776,104800,"PetrogrÃ¡fica","Contato intrusivo"
116776,104800,"PetrogrÃ¡fica","Contato intrusivo"
116777,104801,"PetrogrÃ¡fica","Contato irregular"
116777,104801,"PetrogrÃ¡fica","Contato intrusivo"
116777,104801,"PetrogrÃ¡fica","Contato intrusivo"
116778,104802,"PetrogrÃ¡fica","Contato irregular"
116778,104802,"PetrogrÃ¡fica","Contato intrusivo"
116778,104802,"PetrogrÃ¡fica","Contato intrusivo"
116785,104806,"PetrogrÃ¡fica","Contato intrusivo"
116789,104808,"GeoquÃ­mica","Contato transicional"
116790,104809,"GeoquÃ­mica","Discordancia angular"
116803,104822,"PetrogrÃ¡fica","Contato irregular"
116803,104823,"GeoquÃ­mica","Contato irregular"
116803,104824,"GeocronolÃ³gica","Contato irregular"
116804,104825,"GeoquÃ­mica","Contato irregular"
116821,104839,"PetrogrÃ¡fica","Contato transicional"
116822,104840,"PetrogrÃ¡fica","Contato transicional"
116823,104841,"PetrogrÃ¡fica","Contato transicional"
116824,104842,"PetrogrÃ¡fica","Contato transicional"
116829,104845,"GeoquÃ­mica","Contato abrupto"
116829,104845,"GeoquÃ­mica","NÃ£o conformidade"
116830,104846,"PetrogrÃ¡fica","Contato abrupto"
116830,104846,"PetrogrÃ¡fica","NÃ£o conformidade"
116841,104851,"PetrogrÃ¡fica","Contato irregular"
116841,104851,"PetrogrÃ¡fica","Contato irregular"
116848,104859,"PetrogrÃ¡fica","Contato tectÃ´nico"
116849,104860,"PetrogrÃ¡fica","NÃ£o conformidade"
116850,104861,"PetrogrÃ¡fica","Contato tectÃ´nico"
116851,104862,"PetrogrÃ¡fica","Contato tectÃ´nico"
116852,104863,"PetrogrÃ¡fica","NÃ£o conformidade"
116855,104866,"PetrogrÃ¡fica","NÃ£o conformidade"
116856,104867,"PetrogrÃ¡fica","NÃ£o conformidade"
116857,104868,"PetrogrÃ¡fica","NÃ£o conformidade"