"COD_ROCHA","COD_ROCHA_FRAG_MATR","PERCENTAGEM_MATRIZ_ROCHA","NATUREZA_MATRIZ","GRANULACAO_MATRIZ","TIPO_ROCHA","PERCENTUAL","TAMANHO_MAXIMO","TAMANHO_MINIMO","ESFERICIDADE","ARREDONDAMENTO","FORMA","NATUREZA_FRAGMENTO","RELACAO_FRAGMENTO_MATRIZ"
280618,305,"Null","LÃ­tica","Areia fina","Veio de quartzo",60,64,64,"MÃ©dia (0,3 - 0,7)","Sub-arredondado (Visual)","Null","LÃ­ticos","Suportado pelos fragmentos"
280634,309,"Null","PelÃ­tica","Argila","Veio de quartzo",45,2,2,"Null","Null","Null","LÃ­ticos","Suportado pela matriz"
280636,310,"Null","PelÃ­tica","Argila","Veio de quartzo",15,64,64,"MÃ©dia (0,3 - 0,7)","Sub-arredondado (Visual)","Null","LÃ­ticos","Suportado pela matriz"
280830,320,"Null","PelÃ­tica","Areia fina","Granito",40,"Null", ,"Null","Null","Null","LÃ­ticos","Suportado pela matriz"
280841,322,"Null","PelÃ­tica","Areia fina","Granito",35,"Null", ,"Null","Null","Null","TerrÃ­genos","Suportado pela matriz"
280842,323,"Null","LÃ­tica","Areia fina","Granito",35,"Null", ,"Null","Null","Null","LÃ­ticos","Suportado pela matriz"
280843,324,"Null","LÃ­tica","Areia fina","Granito",35,"Null", ,"Null","Null","Null","TerrÃ­genos","Suportado pela matriz"
280844,325,"Null","PelÃ­tica","Areia fina","Granito",40,"Null", ,"Null","Null","Null","LÃ­ticos","Suportado pela matriz"
280845,326,"Null","PelÃ­tica","Argila","Granito",40,"Null", ,"Null","Null","Null","LÃ­ticos","Suportado pela matriz"
280846,327,"Null","PelÃ­tica","Argila","Granito",30,"Null", ,"Null","Null","Null","LÃ­ticos","Suportado pela matriz"
280847,328,"Null","PelÃ­tica","Argila","Granito",20,"Null", ,"Null","Null","Null","LÃ­ticos","Suportado pela matriz"
280848,329,"Null","PelÃ­tica","Argila","Granito",25,"Null", ,"Null","Null","Null","LÃ­ticos","Suportado pela matriz"
280849,330,"Null","PelÃ­tica","Argila","Granito",43,"Null", ,"Null","Null","Null","LÃ­ticos","Suportado pela matriz"
280851,331,"Null","PelÃ­tica","Argila","Granito",20,"Null", ,"Null","Null","Null","LÃ­ticos","Suportado pela matriz"
280865,332,"Null","PelÃ­tica","Areia fina a grossa","Granito",20,"Null", ,"Null","Null","Null","LÃ­ticos","Suportado pela matriz"
280899,340,"Null","PelÃ­tica","Argila","Granito",20,"Null", ,"Null","Null","Null","LÃ­ticos","Suportado pela matriz"
280901,341,"Null","PelÃ­tica","Areia fina a grossa","Granito",20,"Null", ,"Null","Null","Null","TerrÃ­genos","Suportado pela matriz"
280960,346,"Null","PelÃ­tica","Argila","Veio de quartzo",20,64,64,"MÃ©dia (0,3 - 0,7)","Sub-arredondado (Visual)","Null","LÃ­ticos","Suportado pela matriz"
280966,350,"Null","PelÃ­tica","Argila","Veio de quartzo",80,64,64,"MÃ©dia (0,3 - 0,7)","Sub-arredondado (Visual)","Null","LÃ­ticos","Suportado pelos fragmentos"
280968,351,"Null","LÃ­tica","Areia fina a mÃ©dia","Veio de quartzo",10,"Null", ,"Null","Null","Null","LÃ­ticos","Suportado pela matriz"
284537,378,"Null","PelÃ­tica","Argila","Veio de quartzo",10,"Null", ,"Baixa (<0,3)","Sub-anguloso (Visual)","Null","LÃ­ticos","Suportado pela matriz"
284674,381,70,"PelÃ­tica","Areia fina a mÃ©dia","Veio de quartzo",20,"Null", ,"Baixa (<0,3)","Sub-anguloso (Visual)","Null","TerrÃ­genos","Suportado pela matriz"
284674,381,70,"PelÃ­tica","Areia fina a mÃ©dia","Sedimento detrito-laterÃ­tico",10,"Null", ,"Baixa (<0,3)","Sub-anguloso (Visual)","Null","LÃ­ticos","Suportado pela matriz"
284676,382,80,"PelÃ­tica","Argila","Veio de quartzo",20,"Null", ,"Baixa (<0,3)","Sub-anguloso (Visual)","Null","LÃ­ticos","Suportado pela matriz"
284677,383,70,"PelÃ­tica","Silte","Veio de quartzo",20,"Null", ,"Baixa (<0,3)","Sub-anguloso (Visual)","Null","LÃ­ticos","Suportado pela matriz"
284677,383,70,"PelÃ­tica","Silte","Sedimento detrito-laterÃ­tico",10,"Null", ,"Baixa (<0,3)","Sub-anguloso (Visual)","Null","LÃ­ticos","Suportado pela matriz"
284691,385,80,"PelÃ­tica","Argila","Veio de quartzo",20,0.5,0.5,"Baixa (<0,3)","Sub-anguloso (Visual)",GRANULOS,"LÃ­ticos","Suportado pela matriz"
284708,386,70,"PelÃ­tica","Areia fina a grossa","Quartzo arenito",30,"Null", ,"MÃ©dia (0,3 - 0,7)","Anguloso (Visual)","Null","TerrÃ­genos","Suportado pela matriz"
284851,387,80,"PelÃ­tica","Argila","Veio de quartzo",20,0.2,0.2,"Baixa (<0,3)","Sub-anguloso (Visual)","Null","LÃ­ticos","Suportado pela matriz"
284862,388,80,"PelÃ­tica","Areia fina","Veio de quartzo",20,0.7,0.7,"Baixa (<0,3)","Sub-anguloso (Visual)","Null","LÃ­ticos","Suportado pela matriz"
284863,389,80,"PelÃ­tica","Silte","Veio de quartzo",20,0.7,0.7,"Baixa (<0,3)","Sub-anguloso (Visual)","Null","LÃ­ticos","Suportado pela matriz"
284867,390,80,"PelÃ­tica","Silte","Veio de quartzo",20,0.7,0.7,"Baixa (<0,3)","Sub-anguloso (Visual)","Null","LÃ­ticos","Suportado pela matriz"
284869,391,"Null","PelÃ­tica","Silte","Veio de quartzo",10,"Null", ,"Baixa (<0,3)","Sub-anguloso (Visual)","Null","LÃ­ticos","Suportado pela matriz"
284869,391,"Null","PelÃ­tica","Silte","Sedimento detrito-laterÃ­tico",10,"Null", ,"Baixa (<0,3)","Anguloso (<0.1, LaboratÃ³rio)","Null","LÃ­ticos","Suportado pela matriz"
284992,392,80,"PelÃ­tica","Areia fina a mÃ©dia","Veio de quartzo",20,0.5,0.5,"Baixa (<0,3)","Anguloso (Visual)","Null","LÃ­ticos","Suportado pela matriz"
284997,394,80,"PelÃ­tica","Silte","Veio de quartzo",20,0.5,0.5,"Baixa (<0,3)","Anguloso (Visual)","Null","LÃ­ticos","Suportado pela matriz"
285013,395,80,"PelÃ­tica","Silte","Veio de quartzo",20,0.7,0.7,"Baixa (<0,3)","Sub-anguloso (Visual)","Null","LÃ­ticos","Suportado pela matriz"
285015,396,90,"PelÃ­tica","Seixo","Veio de quartzo",10,0.3,0.3,"Baixa (<0,3)","Sub-anguloso (Visual)","Null","LÃ­ticos","Suportado pela matriz"
285016,397,90,"PelÃ­tica","Silte","Veio de quartzo",10,0.3,0.3,"Baixa (<0,3)","Sub-anguloso (Visual)","Null","LÃ­ticos","Suportado pela matriz"
285025,398,80,"PelÃ­tica","Silte","Veio de quartzo",20,0.7,0.7,"Baixa (<0,3)","Anguloso (Visual)","Null","LÃ­ticos","Suportado pela matriz"
285027,399,80,"PelÃ­tica","Silte","Veio de quartzo",20,0.7,0.7,"Baixa (<0,3)","Sub-anguloso (Visual)","Null","LÃ­ticos","Suportado pela matriz"
285032,400,80,"PelÃ­tica","Silte","Veio de quartzo",20,0.8,0.8,"Baixa (<0,3)","Sub-anguloso (Visual)","Null","LÃ­ticos","Suportado pela matriz"
285034,401,"Null","PelÃ­tica","Silte","Veio de quartzo",20,"Null", ,"Baixa (<0,3)","Sub-anguloso (Visual)","Null","LÃ­ticos","Suportado pela matriz"
294381,558,25,"LÃ­tica","Areia mÃ©dia","Arenito",50,"Null", ,"MÃ©dia (0,3 - 0,7)","Sub-arredondado (Visual)","Null","LÃ­ticos","Suportado pela matriz"
294381,558,25,"LÃ­tica","Areia mÃ©dia","Granito",10,"Null", ,"Alta (>0,9)","Bem arredondado (Visual)","Null","LÃ­ticos","Suportado pela matriz"
294381,558,25,"LÃ­tica","Areia mÃ©dia","Quartzolito",20,"Null", ,"MÃ©dia (0,3 - 0,7)","Bem arredondado (Visual)","Null","LÃ­ticos","Suportado pela matriz"
294381,558,25,"LÃ­tica","Areia mÃ©dia","CalcÃ¡rio",10,"Null", ,"Baixa (<0,3)","Arredondado (Visual)","Null","LÃ­ticos","Suportado pela matriz"
294382,559,20,"LÃ­tica","Areia mÃ©dia","Granito",10,40,40,"Alta (>0,9)","Bem arredondado (Visual)","Null","LÃ­ticos","Suportado pela matriz"
294382,559,20,"LÃ­tica","Areia mÃ©dia","CalcÃ¡rio",10,40,40,"Baixa (<0,3)","Arredondado (Visual)","Null","LÃ­ticos","Suportado pela matriz"
294382,559,20,"LÃ­tica","Areia mÃ©dia","Arenito",60,40,40,"MÃ©dia (0,3 - 0,7)","Arredondado (Visual)","Null","LÃ­ticos","Suportado pela matriz"
294420,563,90,"LÃ­tica","Areia grossa","Arenito",15,"Null", ,"Null","Arredondado (Visual)","Null","LÃ­ticos","Suportado pela matriz"
294420,563,90,"LÃ­tica","Areia grossa","Granito",15,"Null", ,"Null","Arredondado (Visual)","Null","LÃ­ticos","Suportado pela matriz"
294420,563,90,"LÃ­tica","Areia grossa","Siltito",15,"Null", ,"Null","Arredondado (Visual)","Null","LÃ­ticos","Suportado pela matriz"
294420,563,90,"LÃ­tica","Areia grossa","Milonito",15,"Null", ,"Null","Null","Null","LÃ­ticos","Suportado pela matriz"
294422,564,95,"LÃ­tica","Areia grossa","Quartzito",15,"Null", ,"MÃ©dia (0,3 - 0,7)","Bem arredondado (>0.9, LaboratÃ³rio)","Null","LÃ­ticos","Suportado pela matriz"
294422,564,95,"LÃ­tica","Areia grossa","Granito",15,"Null", ,"MÃ©dia (0,3 - 0,7)","Arredondado (Visual)","Null","LÃ­ticos","Suportado pela matriz"
294422,564,95,"LÃ­tica","Areia grossa","Siltito",15,"Null", ,"MÃ©dia (0,3 - 0,7)","Sub-anguloso (Visual)","Null","LÃ­ticos","Suportado pela matriz"
294422,564,95,"LÃ­tica","Areia grossa","Arenito",15,"Null", ,"MÃ©dia (0,3 - 0,7)","Anguloso (Visual)","Null","LÃ­ticos","Suportado pela matriz"
294422,564,95,"LÃ­tica","Areia grossa","Gnaisse",15,"Null", ,"Alta (>0,9)","Arredondado (Visual)","Null","LÃ­ticos","Suportado pela matriz"
294424,565,95,"LÃ­tica","Areia mÃ©dia a grossa","Arenito",15,"Null", ,"Null","Null","Null","LÃ­ticos","Suportado pela matriz"
294424,565,95,"LÃ­tica","Areia mÃ©dia a grossa","Siltito arenoso",15,"Null", ,"Null","Null","Null","LÃ­ticos","Suportado pela matriz"
294424,565,95,"LÃ­tica","Areia mÃ©dia a grossa","Milonito",15,"Null", ,"Null","Null","Null","LÃ­ticos","Suportado pela matriz"
294434,567,5,"LÃ­tica","Areia fina a grossa","CalcÃ¡rio",100,70,70,"Baixa (<0,3)","Anguloso (Visual)","Null","LÃ­ticos","Suportado pela matriz"
294438,569,95,"LÃ­tica","Areia grossa","GranitÃ³ide",20,"Null", ,"Null","Null","Null","LÃ­ticos","Suportado pela matriz"
294438,569,95,"LÃ­tica","Areia grossa","Quartzo-mica xisto",20,"Null", ,"Null","Null","Null","LÃ­ticos","Suportado pela matriz"
294438,569,95,"LÃ­tica","Areia grossa","Siltito",20,"Null", ,"Null","Null","Null","LÃ­ticos","Suportado pela matriz"
294479,571,10,"LÃ­tica","Areia fina a grossa","CalcÃ¡rio",50,30,30,"Baixa (<0,3)","Arredondado (Visual)",prolato,"LÃ­ticos","Suportado pelos fragmentos"
294479,571,10,"LÃ­tica","Areia fina a grossa","Metarenito",20,20,20,"Baixa (<0,3)","Arredondado (Visual)",prolato,"LÃ­ticos","Suportado pelos fragmentos"
294479,571,10,"LÃ­tica","Areia fina a grossa","Filito",10,20,20,"Baixa (<0,3)","Arredondado (Visual)",prolato,"LÃ­ticos","Suportado pelos fragmentos"
294508,581,15,"LÃ­tica","Areia grossa","Metarenito",70,30,30,"Baixa (<0,3)","Sub-arredondado (Visual)",prolatos,"LÃ­ticos","Suportado pelos fragmentos"
294508,581,15,"LÃ­tica","Areia grossa","CalcÃ¡rio",30,30,30,"Baixa (<0,3)","Sub-arredondado (Visual)",prolatos,"LÃ­ticos","Suportado pelos fragmentos"
294510,582,15,"LÃ­tica","Areia grossa","CalcÃ¡rio",30,12,12,"Baixa (<0,3)","Arredondado (Visual)",prolatos,"LÃ­ticos","Suportado pelos fragmentos"
294510,582,15,"LÃ­tica","Areia grossa","Metarenito",70,12,12,"Baixa (<0,3)","Arredondado (Visual)",prolatos,"LÃ­ticos","Suportado pelos fragmentos"
294528,587,10,"LÃ­tica","Areia mÃ©dia a grossa","CalcÃ¡rio",20,"Null", ,"MÃ©dia (0,3 - 0,7)","Arredondado (Visual)","Null","LÃ­ticos","Suportado pelos fragmentos"
294528,587,10,"LÃ­tica","Areia mÃ©dia a grossa","Arenito",30,"Null", ,"MÃ©dia (0,3 - 0,7)","Sub-arredondado (Visual)","Null","LÃ­ticos","Suportado pelos fragmentos"
294528,587,10,"LÃ­tica","Areia mÃ©dia a grossa","GranitÃ³ide",20,40,40,"Alta (>0,9)","Bem arredondado (Visual)","Null","LÃ­ticos","Suportado pelos fragmentos"
294662,599,"Null","LÃ­tica","GrÃ¢nulo","Milonito",20,"Null", ,"Null","Null","Null","LÃ­ticos","Suportado pela matriz"
294662,599,"Null","LÃ­tica","GrÃ¢nulo","Arenito",20,"Null", ,"Null","Null","Null","LÃ­ticos","Suportado pela matriz"
294662,599,"Null","LÃ­tica","GrÃ¢nulo","Granulito",20,"Null", ,"Null","Null","Null","LÃ­ticos","Suportado pela matriz"
294662,599,"Null","LÃ­tica","GrÃ¢nulo","Xisto",10,"Null", ,"Null","Null","Null","LÃ­ticos","Suportado pela matriz"
294665,600,"Null","LÃ­tica","Areia grossa","Gnaisse",40,30,30,"MÃ©dia (0,3 - 0,7)","Arredondado (Visual)","Null","LÃ­ticos","Suportado pelos fragmentos"
294665,600,"Null","LÃ­tica","Areia grossa","Silexito",15,"Null", ,"Null","Null","Null","LÃ­ticos","Suportado pelos fragmentos"
294665,600,"Null","LÃ­tica","Areia grossa","Milonito",25,20,20,"Null","Null","Null","LÃ­ticos","Suportado pelos fragmentos"
294665,600,"Null","LÃ­tica","Areia grossa","Arenito",20,10,10,"Null","Null","Null","LÃ­ticos","Suportado pelos fragmentos"
294730,602,"Null","LÃ­tica","Areia grossa","Filito",10,"Null", ,"Null","Null","Null","LÃ­ticos","Suportado pela matriz"
294730,602,"Null","LÃ­tica","Areia grossa","Granito",30,"Null", ,"Null","Null","Null","LÃ­ticos","Suportado pela matriz"
294730,602,"Null","LÃ­tica","Areia grossa","Arenito",20,"Null", ,"Null","Null","Null","LÃ­ticos","Suportado pela matriz"
312802,661,80,"PelÃ­tica","FanerÃ­tica muito grossa","Arenito conglomerÃ¡tico",10,5.0,5.0,"Baixa (<0,3)","Sub-anguloso (Visual)","Null","TerrÃ­genos","Suportado pela matriz"
313073,662,30,"PelÃ­tica","FanerÃ­tica mÃ©dia","Quartzito",30,"Null", ,"MÃ©dia (0,3 - 0,7)","Arredondado (Visual)","Null","TerrÃ­genos","Suportado pela matriz"
313073,662,30,"PelÃ­tica","FanerÃ­tica mÃ©dia","Xisto pelÃ­tico",40,1,1,"Baixa (<0,3)","Arredondado (Visual)","Null","LÃ­ticos","Suportado pela matriz"
313293,664,40,"PelÃ­tica","Seixo","Quartzito",50,500,500,"Alta (>0,9)","Arredondado (Visual)",alongados,"TerrÃ­genos","Suportado pela matriz"
313296,665,30,"PelÃ­tica","Seixo","Conglomerado oligomÃ­tico",70,300,300,"MÃ©dia (0,3 - 0,7)","Sub-anguloso (Visual)","Null","TerrÃ­genos","Suportado pelos fragmentos"
313404,666,20,"PelÃ­tica","Seixo","Aglomerado",80,3.0,3.0,"Baixa (<0,3)","Anguloso (Visual)","Null","TerrÃ­genos","Suportado pelos fragmentos"
313709,699,20,"LÃ­tica","Areia fina a mÃ©dia","Quartzito",70,4,4,"MÃ©dia (0,3 - 0,7)","Arredondado (Visual)","Null","LÃ­ticos","Suportado pela matriz"
313810,700,25,"LÃ­tica","FanerÃ­tica fina","Quartzito",80,"Null", ,"Alta (>0,9)","Arredondado (0.5-0.7, LaboratÃ³rio)","Null","LÃ­ticos","Suportado pelos fragmentos"
315208,741,90,"LÃ­tica","Areia fina a grossa","Dolomito",20,10,10,"MÃ©dia (0,3 - 0,7)","Bem arredondado (Visual)","Null","LÃ­ticos","Suportado pela matriz"
315208,741,90,"LÃ­tica","Areia fina a grossa","Arenito",30,10,10,"MÃ©dia (0,3 - 0,7)","Sub-arredondado (Visual)","Null","LÃ­ticos","Suportado pela matriz"
315208,741,90,"LÃ­tica","Areia fina a grossa","Silexito",10,5,5,"MÃ©dia (0,3 - 0,7)","Sub-anguloso (Visual)","Null","LÃ­ticos","Suportado pela matriz"
315208,741,90,"LÃ­tica","Areia fina a grossa","Veio de quartzo",20,5,5,"MÃ©dia (0,3 - 0,7)","Sub-arredondado (Visual)","Null","LÃ­ticos","Suportado pela matriz"
315208,741,90,"LÃ­tica","Areia fina a grossa","GranitÃ³ide",20,10,10,"MÃ©dia (0,3 - 0,7)","Sub-arredondado (Visual)","Null","LÃ­ticos","Suportado pela matriz"
316443,901,"Null","PelÃ­tica","Silte","Argilito",1,"Null", ,"Null","Null","Null","LÃ­ticos","Suportado pelos fragmentos"
316443,901,"Null","PelÃ­tica","Silte","Basalto",1,"Null", ,"Null","Null","Null","LÃ­ticos","Suportado pelos fragmentos"
316443,901,"Null","PelÃ­tica","Silte","Chert",1,"Null", ,"Null","Null","Null","LÃ­ticos","Suportado pelos fragmentos"
324122,965,90,"PelÃ­tica","Silte","GranitÃ³ide",5,"Null", ,"Null","Null","Null","LÃ­ticos","Suportado pela matriz"
324122,965,90,"PelÃ­tica","Silte","Veio de quartzo",5,"Null", ,"Null","Null","Null","LÃ­ticos","Suportado pela matriz"
324124,966,80,"PelÃ­tica","Silte","Veio de quartzo",5,"Null", ,"Null","Null","Null","LÃ­ticos","Suportado pela matriz"
324124,966,80,"PelÃ­tica","Silte","GranitÃ³ide",5,"Null", ,"Null","Null","Null","LÃ­ticos","Suportado pela matriz"
324124,966,80,"PelÃ­tica","Silte","Pegmatito",5,"Null", ,"Null","Null","Null","LÃ­ticos","Suportado pela matriz"
324124,966,80,"PelÃ­tica","Silte","Xisto",5,"Null", ,"Null","Null","Null","LÃ­ticos","Suportado pela matriz"
324131,967,90,"PelÃ­tica","Silte","Veio de quartzo",5,"Null", ,"Null","Null","Null","LÃ­ticos","Suportado pela matriz"
324131,967,90,"PelÃ­tica","Silte","Arenito",5,"Null", ,"Null","Null","Null","TerrÃ­genos","Suportado pela matriz"
324135,968,90,"PelÃ­tica","Silte","Veio de quartzo",5,"Null", ,"Null","Null","Null","LÃ­ticos","Suportado pela matriz"
324139,969,90,"LÃ­tica","Silte","Veio de quartzo",5,"Null", ,"Null","Null","Null","LÃ­ticos","Suportado pela matriz"
324139,969,90,"LÃ­tica","Silte","Arenito",5,"Null", ,"Null","Null","Null","LÃ­ticos","Suportado pela matriz"
324140,970,90,"LÃ­tica","Silte","Siltito",5,"Null", ,"Null","Null","Null","LÃ­ticos","Suportado pela matriz"
324140,970,90,"LÃ­tica","Silte","Arenito",5,"Null", ,"Null","Null","Null","LÃ­ticos","Suportado pela matriz"
324145,971,90,"LÃ­tica","Silte","Veio de quartzo",5,"Null", ,"Null","Null","Null","LÃ­ticos","Suportado pela matriz"
324145,971,90,"LÃ­tica","Silte","GranitÃ³ide",5,"Null", ,"Null","Null","Null","LÃ­ticos","Suportado pela matriz"
324150,972,90,"LÃ­tica","Silte","Siltito",5,"Null", ,"Null","Null","Null","LÃ­ticos","Suportado pela matriz"
324150,972,90,"LÃ­tica","Silte","Veio de quartzo",5,"Null", ,"Null","Null","Null","LÃ­ticos","Suportado pela matriz"
324151,973,90,"LÃ­tica","Silte","Veio de quartzo",5,"Null", ,"Null","Null","Null","LÃ­ticos","Suportado pela matriz"
324151,973,90,"LÃ­tica","Silte","GranitÃ³ide",5,"Null", ,"Null","Null","Null","LÃ­ticos","Suportado pela matriz"
324154,974,90,"LÃ­tica","Silte","Veio de quartzo",5,"Null", ,"Null","Null","Null","LÃ­ticos","Suportado pela matriz"
324154,974,90,"LÃ­tica","Silte","Filito",5,"Null", ,"Null","Null","Null","LÃ­ticos","Suportado pela matriz"
324258,977,90,"LÃ­tica","Areia grossa","Siltito",5,"Null", ,"Null","Null","Null","LÃ­ticos","Suportado pela matriz"
324258,977,90,"LÃ­tica","Areia grossa","Veio de quartzo",5,"Null", ,"Null","Null","Null","LÃ­ticos","Suportado pela matriz"
324259,978,95,"PelÃ­tica","Silte","Quartzito",5,"Null", ,"Alta (>0,9)","Arredondado (Visual)","Null","LÃ­ticos","Suportado pela matriz"
324264,979,90,"LÃ­tica","Areia grossa","Veio de quartzo",5,"Null", ,"Null","Null","Null","LÃ­ticos","Suportado pela matriz"
324264,979,90,"LÃ­tica","Areia grossa","Arenito",5,"Null", ,"Null","Null","Null","LÃ­ticos","Suportado pela matriz"
324269,980,85,"LÃ­tica","Silte","GranitÃ³ide",5,"Null", ,"Null","Null","Null","LÃ­ticos","Suportado pela matriz"
324269,980,85,"LÃ­tica","Silte","Veio de quartzo",5,"Null", ,"Null","Null","Null","LÃ­ticos","Suportado pela matriz"
324269,980,85,"LÃ­tica","Silte","Arenito",5,"Null", ,"Null","Null","Null","LÃ­ticos","Suportado pela matriz"
324271,981,90,"LÃ­tica","Silte","Veio de quartzo",5,"Null", ,"Null","Null","Null","LÃ­ticos","Suportado pela matriz"
324271,981,90,"LÃ­tica","Silte","Arenito",5,"Null", ,"Null","Null","Null","LÃ­ticos","Suportado pela matriz"
324278,982,90,"LÃ­tica","Silte","Veio de quartzo",5,"Null", ,"Null","Null","Null","LÃ­ticos","Suportado pela matriz"
324278,982,90,"LÃ­tica","Silte","Quartzito",5,"Null", ,"Null","Null","Null","LÃ­ticos","Suportado pela matriz"
324279,983,90,"LÃ­tica","Areia fina","Veio de quartzo",5,"Null", ,"Alta (>0,9)","Arredondado (Visual)","Null","LÃ­ticos","Suportado pela matriz"
324279,983,90,"LÃ­tica","Areia fina","Quartzito",5,"Null", ,"Alta (>0,9)","Arredondado (Visual)","Null","LÃ­ticos","Suportado pela matriz"
324281,984,90,"LÃ­tica","Areia grossa","Veio de quartzo",5,"Null", ,"Null","Null","Null","LÃ­ticos","Suportado pela matriz"
324281,984,90,"LÃ­tica","Areia grossa","Arenito",5,"Null", ,"Null","Null","Null","TerrÃ­genos","Suportado pela matriz"
324292,985,90,"LÃ­tica","Silte","Arenito",5,"Null", ,"Null","Null","Null","LÃ­ticos","Suportado pela matriz"
324292,985,90,"LÃ­tica","Silte","Silte",5,"Null", ,"Null","Null","Null","TerrÃ­genos","Suportado pela matriz"
324297,986,90,"LÃ­tica","Silte","GranitÃ³ide",5,"Null", ,"Null","Null","Null","LÃ­ticos","Suportado pela matriz"
324297,986,90,"LÃ­tica","Silte","Filito",5,"Null", ,"Null","Null","Null","LÃ­ticos","Suportado pela matriz"
324303,987,90,"LÃ­tica","Silte","Veio de quartzo",5,"Null", ,"Null","Null","Null","LÃ­ticos","Suportado pela matriz"
324303,987,90,"LÃ­tica","Silte","GranitÃ³ide",5,"Null", ,"Null","Null","Null","LÃ­ticos","Suportado pela matriz"
324304,988,90,"LÃ­tica","Silte","Veio de quartzo",5,"Null", ,"Null","Null","Null","LÃ­ticos","Suportado pela matriz"
324304,988,90,"LÃ­tica","Silte","GranitÃ³ide",5,"Null", ,"Null","Null","Null","LÃ­ticos","Suportado pela matriz"
324309,989,95,"LÃ­tica","Silte","Arenito arcoseano",5,"Null", ,"Null","Null","Null","LÃ­ticos","Suportado pela matriz"
324319,990,90,"LÃ­tica","Silte","Veio de quartzo",5,"Null", ,"Null","Null","Null","LÃ­ticos","Suportado pela matriz"
324319,990,90,"LÃ­tica","Silte","Granito",5,"Null", ,"Null","Null","Null","LÃ­ticos","Suportado pela matriz"
324324,991,90,"LÃ­tica","Silte","GranitÃ³ide",5,"Null", ,"Null","Null","Null","LÃ­ticos","Suportado pela matriz"
324324,991,90,"LÃ­tica","Silte","Arenito conglomerÃ¡tico",5,"Null", ,"Null","Null","Null","LÃ­ticos","Suportado pela matriz"
324328,992,90,"LÃ­tica","Silte","Veio de quartzo",5,"Null", ,"Null","Null","Null","LÃ­ticos","Suportado pela matriz"
324328,992,90,"LÃ­tica","Silte","GranitÃ³ide",5,"Null", ,"Null","Null","Null","LÃ­ticos","Suportado pela matriz"
324331,993,95,"LÃ­tica","Areia fina a mÃ©dia","Granito",3,"Null", ,"Null","Null","Null","LÃ­ticos","Suportado pela matriz"
324331,993,95,"LÃ­tica","Areia fina a mÃ©dia","Filito",2,"Null", ,"Null","Null","Null","LÃ­ticos","Suportado pela matriz"
324339,994,90,"LÃ­tica","Areia grossa","GranitÃ³ide",5,"Null", ,"Null","Null","Null","LÃ­ticos","Suportado pela matriz"
324339,994,90,"LÃ­tica","Areia grossa","Filito",5,"Null", ,"Null","Null","Null","LÃ­ticos","Suportado pela matriz"
324342,995,90,"LÃ­tica","Silte","Veio de quartzo",5,"Null", ,"Null","Null","Null","LÃ­ticos","Suportado pela matriz"
324342,995,90,"LÃ­tica","Silte","Siltito",5,"Null", ,"Null","Null","Null","LÃ­ticos","Suportado pela matriz"
324344,996,90,"LÃ­tica","Silte","GranitÃ³ide",5,"Null", ,"Null","Null","Null","LÃ­ticos","Suportado pela matriz"
324344,996,90,"LÃ­tica","Silte","Siltito",5,"Null", ,"Null","Null","Null","LÃ­ticos","Suportado pela matriz"
324346,997,90,"LÃ­tica","Silte","GranitÃ³ide",5,"Null", ,"Null","Null","Null","LÃ­ticos","Suportado pela matriz"
324346,997,90,"LÃ­tica","Silte","Siltito",5,"Null", ,"Null","Null","Null","LÃ­ticos","Suportado pela matriz"
324353,998,90,"LÃ­tica","Silte","CalcÃ¡rio",5,"Null", ,"Null","Null","Null","CarbonÃ¡ticos","Suportado pela matriz"
324353,998,90,"LÃ­tica","Silte","Quartzito",5,"Null", ,"Null","Null","Null","LÃ­ticos","Suportado pela matriz"
324354,999,90,"LÃ­tica","Silte","Siltito",5,"Null", ,"Null","Null","Null","LÃ­ticos","Suportado pela matriz"
324354,999,90,"LÃ­tica","Silte","GranitÃ³ide",5,"Null", ,"Null","Null","Null","LÃ­ticos","Suportado pela matriz"
324362,1000,90,"LÃ­tica","Silte","Quartzito",10,"Null", ,"Null","Null","Null","LÃ­ticos","Suportado pela matriz"
324514,1001,98,"LÃ­tica","Areia fina a mÃ©dia","Argila",2,"Null", ,"Null","Null","Null","LÃ­ticos","Suportado pela matriz"
324517,1003,90,"LÃ­tica","Silte","Veio de quartzo",5,"Null", ,"Null","Null","Null","LÃ­ticos","Suportado pela matriz"
324517,1003,90,"LÃ­tica","Silte","GranitÃ³ide",5,"Null", ,"Null","Null","Null","LÃ­ticos","Suportado pela matriz"
324522,1004,85,"LÃ­tica","Silte","Grauvaca",5,"Null", ,"Null","Null","Null","LÃ­ticos","Suportado pela matriz"
324522,1004,85,"LÃ­tica","Silte","Arenito conglomerÃ¡tico",4,"Null", ,"Null","Null","Null","LÃ­ticos","Suportado pela matriz"
324522,1004,85,"LÃ­tica","Silte","Arenito",6,"Null", ,"Null","Null","Null","LÃ­ticos","Suportado pela matriz"
324524,1005,90,"LÃ­tica","Areia fina","GranitÃ³ide",5,"Null", ,"Null","Null","Null","LÃ­ticos","Suportado pela matriz"
324524,1005,90,"LÃ­tica","Areia fina","Veio de quartzo",5,"Null", ,"Null","Null","Null","LÃ­ticos","Suportado pela matriz"
324526,1006,95,"LÃ­tica","Silte","Quartzito",5,"Null", ,"Null","Null",grÃ¢nulos de quartzo,"LÃ­ticos","Suportado pela matriz"
324528,1007,90,"LÃ­tica","Silte","Veio de quartzo",5,"Null", ,"Null","Null","Null","LÃ­ticos","Suportado pela matriz"
324528,1007,90,"LÃ­tica","Silte","Granito",5,"Null", ,"Null","Null","Null","LÃ­ticos","Suportado pela matriz"
324532,1008,95,"LÃ­tica","Silte","Quartzito",5,"Null", ,"Baixa (<0,3)","Sub-anguloso (Visual)",Seixos e grÃ¢nulos,"LÃ­ticos","Suportado pela matriz"
324533,1009,90,"LÃ­tica","Silte","Quartzito",5,40,40,"Null","Null","Null","LÃ­ticos","Suportado pela matriz"
324533,1009,90,"LÃ­tica","Silte","Filito",5,30,30,"Null","Null","Null","LÃ­ticos","Suportado pela matriz"
324542,1010,80,"PelÃ­tica","Areia fina","GranitÃ³ide",5,15,15,"Null","Null","Null","LÃ­ticos","Suportado pela matriz"
324542,1010,80,"PelÃ­tica","Areia fina","Veio de quartzo",5,15,15,"Null","Null","Null","LÃ­ticos","Suportado pela matriz"
324542,1010,80,"PelÃ­tica","Areia fina","Arenito",5,15,15,"Null","Null","Null","LÃ­ticos","Suportado pela matriz"
324542,1010,80,"PelÃ­tica","Areia fina","Argila",5,"Null", ,"Null","Null","Null","TerrÃ­genos","Suportado pela matriz"
324543,1011,85,"PelÃ­tica","Areia fina","Veio de quartzo",10,"Null", ,"Null","Null","Null","LÃ­ticos","Suportado pela matriz"
324543,1011,85,"PelÃ­tica","Areia fina","GranitÃ³ide",5,0.3,0.3,"Null","Null","Null","LÃ­ticos","Suportado pela matriz"
324569,1012,70,"LÃ­tica","Areia grossa","Granito",10,"Null", ,"Null","Null","Null","LÃ­ticos","Suportado pela matriz"
324569,1012,70,"LÃ­tica","Areia grossa","Metabasito",10,"Null", ,"Null","Null","Null","LÃ­ticos","Suportado pela matriz"
324569,1012,70,"LÃ­tica","Areia grossa","Quartzito",10,"Null", ,"Null","Null","Null","LÃ­ticos","Suportado pela matriz"
324577,1013,60,"LÃ­tica","Areia grossa","Quartzito",20,"Null", ,"Null","Null","Null","TerrÃ­genos","Suportado pela matriz"
324577,1013,60,"LÃ­tica","Areia grossa","Pegmatito",10,"Null", ,"Null","Null","Null","LÃ­ticos","Suportado pela matriz"
324577,1013,60,"LÃ­tica","Areia grossa","Arenito",10,"Null", ,"Null","Null","Null","TerrÃ­genos","Suportado pela matriz"
324713,1014,15,"LÃ­tica","Areia fina","Arenito",90,0.5,0.5,"MÃ©dia (0,3 - 0,7)","Anguloso (Visual)","Null","TerrÃ­genos","Suportado pela matriz"
332853,1061,70,"PelÃ­tica","Areia fina a mÃ©dia","Argilito",30,3,3,"MÃ©dia (0,3 - 0,7)","Arredondado (Visual)","Null","TerrÃ­genos","Suportado pela matriz"
348082,1137,15,"LÃ­tica","Argila","MetacalcÃ¡rio",20,20,20,"Baixa (<0,3)","Anguloso (Visual)","Null","LÃ­ticos","Suportado pela matriz"
348082,1137,15,"LÃ­tica","Argila","Metacalcarenito",20,5,5,"Baixa (<0,3)","Arredondado (Visual)","Null","LÃ­ticos","Suportado pela matriz"
348082,1137,15,"LÃ­tica","Argila","Metarenito",20,5,5,"Baixa (<0,3)","Arredondado (Visual)","Null","LÃ­ticos","Suportado pela matriz"
355880,1184,10,"LÃ­tica","Areia fina","Quartzito",100,"Null", ,"Baixa (<0,3)","Anguloso (Visual)","Null","LÃ­ticos","Suportado pelos fragmentos"
355883,1185,10,"LÃ­tica","Areia fina","Quartzito",100,"Null", ,"Baixa (<0,3)","Anguloso (Visual)","Null","LÃ­ticos","Suportado pelos fragmentos"
355886,1186,10,"LÃ­tica","Areia fina","Quartzito",100,"Null", ,"Baixa (<0,3)","Anguloso (Visual)","Null","LÃ­ticos","Suportado pelos fragmentos"
355895,1187,10,"LÃ­tica","Areia fina","Quartzito",100,"Null", ,"Baixa (<0,3)","Anguloso (Visual)","Null","LÃ­ticos","Suportado pelos fragmentos"
355900,1188,10,"LÃ­tica","Areia fina","Quartzito",100,"Null", ,"Baixa (<0,3)","Anguloso (Visual)","Null","LÃ­ticos","Suportado pelos fragmentos"
538309,1507,"Null","MagmÃ¡tica","Bloco fino","Quartzito feldspÃ¡tico",80,"Null", ,"Null","Null","Null","LÃ­ticos","Suportado pela matriz"
538309,1507,"Null","MagmÃ¡tica","Bloco fino","Riolito",20,"Null", ,"Null","Null","Null","VulcanoclÃ¡sticos (PiroclÃ¡sticos)","Suportado pela matriz"