"COD_ROCHA","COD_ROCHA_FRAG_MATR","PERCENTAGEM_MATRIZ_ROCHA","NATUREZA_MATRIZ","GRANULACAO_MATRIZ","TIPO_ROCHA","PERCENTUAL","TAMANHO_MAXIMO","TAMANHO_MINIMO","ESFERICIDADE","ARREDONDAMENTO","FORMA","NATUREZA_FRAGMENTO","RELACAO_FRAGMENTO_MATRIZ"
293128,461,"Null","LÃ­tica","Areia fina a grossa","Quartzito",30,"Null","Null","Baixa (<0,3)","Arredondado (Visual)","Null","LÃ­ticos","Suportado pelos fragmentos"
293128,461,"Null","LÃ­tica","Areia fina a grossa","Metarenito",60,"Null","Null","Baixa (<0,3)","Arredondado (Visual)","Null","LÃ­ticos","Suportado pelos fragmentos"
293144,462,60,"PelÃ­tica","Areia fina a grossa","Metarenito",30,"Null","Null","Null","Null","Null","LÃ­ticos","Suportado pela matriz"
293144,462,60,"PelÃ­tica","Areia fina a grossa","Quartzito",30,"Null","Null","Null","Null","Null","TerrÃ­genos","Suportado pela matriz"
293152,466,70,"PelÃ­tica","Areia fina","Metarenito",30,"Null","Null","Null","Null","Null","LÃ­ticos","Suportado pelos fragmentos"
293217,467,60,"PelÃ­tica","Areia fina","Metarenito",60,"Null","Null","Null","Null","Null","TerrÃ­genos","Suportado pela matriz"
293218,468,60,"PelÃ­tica","Areia fina","Metarenito",40,"Null","Null","Null","Null","Null","LÃ­ticos","Suportado pela matriz"
293223,470,70,"LÃ­tica","Areia fina a grossa","Metaquartzolito",30,15,15,"MÃ©dia (0,3 - 0,7)","Arredondado (Visual)","Null","LÃ­ticos","Suportado pelos fragmentos"
293223,470,70,"LÃ­tica","Areia fina a grossa","Metarenito",30,30,30,"MÃ©dia (0,3 - 0,7)","Sub-arredondado (Visual)","Null","LÃ­ticos","Suportado pelos fragmentos"
293245,471,60,"LÃ­tica","Areia fina a grossa","Metarenito",30,15,15,"MÃ©dia (0,3 - 0,7)","Sub-arredondado (Visual)","Null","LÃ­ticos","Suportado pela matriz"
293246,472,60,"LÃ­tica","Areia fina a grossa","Metarenito",40,15,15,"Null","Null","Null","LÃ­ticos","Suportado pela matriz"
293246,472,60,"LÃ­tica","Areia fina a grossa","Metachert",20,"Null","Null","Null","Null","Null","LÃ­ticos","Suportado pela matriz"
293248,473,70,"LÃ­tica","Areia fina a grossa","Metarenito",40,"Null","Null","Null","Null","Null","LÃ­ticos","Suportado pela matriz"
293248,473,70,"LÃ­tica","Areia fina a grossa","Metachert",20,"Null","Null","Null","Null","Null","LÃ­ticos","Suportado pela matriz"
293250,474,80,"LÃ­tica","Areia fina a mÃ©dia","Quartzito",90,"Null","Null","Null","Null","Null","LÃ­ticos","Suportado pela matriz"
293254,475,70,"LÃ­tica","Areia fina a mÃ©dia","Quartzito",40,"Null","Null","Null","Null","Null","LÃ­ticos","Suportado pela matriz"
293254,475,70,"LÃ­tica","Areia fina a mÃ©dia","Metarenito",40,"Null","Null","Null","Null","Null","LÃ­ticos","Suportado pela matriz"
293255,476,80,"LÃ­tica","Areia fina a mÃ©dia","Quartzito",80,"Null","Null","Null","Null","Null","LÃ­ticos","Suportado pela matriz"
293266,477,70,"LÃ­tica","Areia mÃ©dia a grossa","Metarenito",30,"Null","Null","Null","Null","Null","LÃ­ticos","Suportado pela matriz"
293348,479,70,"PelÃ­tica","Areia fina","Metarenito",30,"Null","Null","Null","Null","Null","TerrÃ­genos","Suportado pela matriz"
293734,484,"Null","LÃ­tica","Areia fina a mÃ©dia","Gnaisse",10,8,8,"Alta (>0,9)","Sub-arredondado (0.3-0.5, LaboratÃ³rio)","Null","TerrÃ­genos","Suportado pelos fragmentos"
520695,1471,"Null","LÃ­tica","FanerÃ­tica fina","Gabro",10,"Null","Null","Null","Null","Null","TerrÃ­genos","Suportado pelos fragmentos"
520695,1471,"Null","LÃ­tica","FanerÃ­tica fina","Basalto",10,"Null","Null","Null","Null","Null","TerrÃ­genos","Suportado pelos fragmentos"
520695,1471,"Null","LÃ­tica","FanerÃ­tica fina","Ortognaisse",20,"Null","Null","Null","Null","Null","LÃ­ticos","Suportado pelos fragmentos"
520699,1472,"Null","LÃ­tica","Null","Gnaisse granÃ­tico",10,"Null","Null","Null","Null","Null","TerrÃ­genos","Suportado pelos fragmentos"
